2018-12-05 11:56:47,b'All about the future fleet plans of United Airlines!\nhttps://t.co/ya2f2TQXyj\n#unitedAIRLINES #united #avgeek\xe2\x80\xa6 https://t.co/PUlql2mBc4'
2018-12-05 11:36:57,"b'All of these people of harassed, intimidated , along with The Entire Obama , family , The Bush family, brands like\xe2\x80\xa6 https://t.co/lVDVDxzI5u'"
2018-12-05 11:01:49,"b'RT @producer_london: Guess I won\xe2\x80\x99t be going home for Xmas just yet, @united risking safety, losing my luggage &amp; completing that with rude c\xe2\x80\xa6'"
2018-12-05 10:47:09,b'Time lapse video of set up and departure prep for #UnitedAirlines #FantasyFlights to the North Pole at Gate 82 last\xe2\x80\xa6 https://t.co/dBuQqM9oQG'
2018-12-05 09:36:13,b'RT @ShrinersNorCA: Thank you @united for donating your adorable Ben Flyin bears to our patients! You brought a lot of smiles to our hospita\xe2\x80\xa6'
2018-12-05 09:23:27,b'RT @cassidysvacay: United Airlines 787-10 (BOE039 unpainted) minutes before sunset. Temporary tail number. Short final after a quick test f\xe2\x80\xa6'
2018-12-05 09:10:51,b'RT @cassidysvacay: United Airlines 787-10 (BOE039 unpainted) test flight. That is a temporary tail number. High-speed taxi test. @united #C\xe2\x80\xa6'
2018-12-05 09:10:06,b'RT @cassidysvacay: United Airlines 787-10 (BOE039 unpainted) minutes before sunset. Temporary tail number. Short final after a quick test f\xe2\x80\xa6'
2018-12-05 09:01:07,"b'Horrendous, very sorry to hear this Dom. Is this what they call customer ""service""?\nAre they trying to compete with\xe2\x80\xa6 https://t.co/BkBrtPSSEn'"
2018-12-05 08:48:29,b'RT @cassidysvacay: United Airlines 787-10 (BOE039 unpainted) test flight. That is a temporary tail number. High-speed taxi test. @united #C\xe2\x80\xa6'
2018-12-05 08:11:24,b'#UnitedAirlines #ManageMyBooking Phone Number +1-833-222-2937 Call Now! https://t.co/WLMXhbnGyK #UnitedStates #USA\xe2\x80\xa6 https://t.co/V2Xx9mcyPt'
2018-12-05 06:20:52,b'RT @cassidysvacay: United Airlines 787-10 (BOE039 unpainted) minutes before sunset. Temporary tail number. Short final after a quick test f\xe2\x80\xa6'
2018-12-05 06:20:17,b'RT @cassidysvacay: United Airlines 787-10 (BOE039 unpainted) minutes before sunset. Temporary tail number. Short final after a quick test f\xe2\x80\xa6'
2018-12-05 06:17:23,"b""United launches new 'premium economy' class between coach and business for long flights https://t.co/lNWK1O48ER #UnitedAirlines"""
2018-12-05 06:12:16,b'RT @cassidysvacay: United Airlines 787-10 (BOE039 unpainted) test flight. That is a temporary tail number. High-speed taxi test. @united #C\xe2\x80\xa6'
2018-12-05 06:11:54,b'RT @cassidysvacay: United Airlines 787-10 (BOE039 unpainted) minutes before sunset. Temporary tail number. Short final after a quick test f\xe2\x80\xa6'
2018-12-05 05:14:10,b'RT @cassidysvacay: United Airlines 787-10 (BOE039 unpainted) minutes before sunset. Temporary tail number. Short final after a quick test f\xe2\x80\xa6'
2018-12-05 04:29:28,b'#United #Airlines #Phone #Number +1-833-222-2937 #Book Now for #offer  https://t.co/nu6CUZDtFB\n#URITrailer #GSAT11\xe2\x80\xa6 https://t.co/8fSFBrJlSH'
2018-12-05 04:23:44,b'#Delta #Airlines #Phone #Number +1-833-222-2937 for Customer Assistance https://t.co/DtRQdeUzWQ \xe2\x80\xa6\n#DeltaAirlines\xe2\x80\xa6 https://t.co/nFPDmkMavm'
2018-12-05 04:23:01,b'RT @cassidysvacay: United Airlines 787-10 (BOE039 unpainted) minutes before sunset. Temporary tail number. Short final after a quick test f\xe2\x80\xa6'
2018-12-05 04:20:39,b'RT @RatherBTVLing: Size comparison between #A380 and #B737 #avgeek #Avgeeks #aviationphotography #aviation #planespotting #UnitedAirlines #\xe2\x80\xa6'
2018-12-05 04:16:46,b'RT @cassidysvacay: United Airlines 787-10 (BOE039 unpainted) minutes before sunset. Temporary tail number. Short final after a quick test f\xe2\x80\xa6'
2018-12-05 04:16:31,b'RT @RatherBTVLing: Size comparison between #A380 and #B737 #avgeek #Avgeeks #aviationphotography #aviation #planespotting #UnitedAirlines #\xe2\x80\xa6'
2018-12-05 04:15:31,b'Size comparison between #A380 and #B737 #avgeek #Avgeeks #aviationphotography #aviation #planespotting\xe2\x80\xa6 https://t.co/sqNMRnm7bf'
2018-12-05 03:50:58,b'RT @cassidysvacay: United Airlines 787-10 (BOE039 unpainted) minutes before sunset. Temporary tail number. Short final after a quick test f\xe2\x80\xa6'
2018-12-05 03:12:25,b'Quick but successful trip to LA.  So great seeing all the kids and the awesome team @studioschooll7  \xe2\x9c\x8c\xf0\x9f\x8f\xbc #travel\xe2\x80\xa6 https://t.co/TJIjLixz6o'
2018-12-05 02:58:02,"b""So I'm on my flight. As I suspected #Unitedairlines does not trust people flying from O'Hare. It almost seems like\xe2\x80\xa6 https://t.co/YB7czfO43F"""
2018-12-05 02:45:53,b'My poor sister is stuck in Germany without her luggage and no one can find it for her! Poor thing. You need to up y\xe2\x80\xa6 https://t.co/5vae9jNJQK'
2018-12-05 02:42:01,b'RT @cassidysvacay: United Airlines 787-10 (BOE039 unpainted) minutes before sunset. Temporary tail number. Short final after a quick test f\xe2\x80\xa6'
2018-12-05 02:05:00,b'RT @cassidysvacay: United Airlines 787-10 (BOE039 unpainted) test flight. That is a temporary tail number. High-speed taxi test. @united #C\xe2\x80\xa6'
2018-12-05 02:03:44,b'RT @cassidysvacay: United Airlines 787-10 (BOE039 unpainted) minutes before sunset. Temporary tail number. Short final after a quick test f\xe2\x80\xa6'
2018-12-05 02:01:15,b'We get to Beijing and luckily we double checked to see if our bags went through to Dalian they told us(at Reagan ai\xe2\x80\xa6 https://t.co/IK6aqXuriS'
2018-12-05 02:00:25,"b'but its really unacceptable to have your vegan customers starve on such a long flight. On the upside, we did get ec\xe2\x80\xa6 https://t.co/dtO0jXfKib'"
2018-12-05 01:59:34,b'We ran all through that airport while our plane was boarding looking for some type of vegan food! We found some hum\xe2\x80\xa6 https://t.co/FR4rPucRSk'
2018-12-05 01:57:34,b'#unitedAIRLINES ua2392 no customer service .unhelpful flight attendant'
2018-12-05 01:56:36,"b'Direct quote from 3 different #UnitedAirlines employees, \xe2\x80\x9cI don\xe2\x80\x99t know anything about anything. They don\xe2\x80\x99t tell us anything.\xe2\x80\x9d'"
2018-12-05 01:51:11,"b""United's New 'Premium Plus' Seats Are Like Mini-Recliners. #unitedairlines #premiumeconomy #condenasttraveler\xe2\x80\xa6 https://t.co/cxhmvNna7E"""
2018-12-05 01:46:35,b'RT @cassidysvacay: United Airlines 787-10 (BOE039 unpainted) minutes before sunset. Temporary tail number. Short final after a quick test f\xe2\x80\xa6'
2018-12-05 01:31:26,b'#UnitedAirlines #stlairport #united  Love this take a book United St Louis employees always going the extra mile https://t.co/n8NczZh58W'
2018-12-05 00:56:02,b'RT @cassidysvacay: United Airlines 787-10 (BOE039 unpainted) minutes before sunset. Temporary tail number. Short final after a quick test f\xe2\x80\xa6'
2018-12-05 00:53:04,b'RT @cassidysvacay: United Airlines 787-10 (BOE039 unpainted) test flight. That is a temporary tail number. High-speed taxi test. @united #C\xe2\x80\xa6'
2018-12-05 00:37:10,b'RT @cassidysvacay: United Airlines 787-10 (BOE039 unpainted) test flight. That is a temporary tail number. High-speed taxi test. @united #C\xe2\x80\xa6'
2018-12-05 00:21:42,b'RT @cassidysvacay: United Airlines 787-10 (BOE039 unpainted) minutes before sunset. Temporary tail number. Short final after a quick test f\xe2\x80\xa6'
2018-12-05 00:17:40,b'RT @cassidysvacay: United Airlines 787-10 (BOE039 unpainted) minutes before sunset. Temporary tail number. Short final after a quick test f\xe2\x80\xa6'
2018-12-05 00:12:12,b'RT @cassidysvacay: United Airlines 787-10 (BOE039 unpainted) minutes before sunset. Temporary tail number. Short final after a quick test f\xe2\x80\xa6'
2018-12-05 00:10:34,b'RT @cassidysvacay: United Airlines 787-10 (BOE039 unpainted) minutes before sunset. Temporary tail number. Short final after a quick test f\xe2\x80\xa6'
2018-12-05 00:09:44,b'RT @cassidysvacay: United Airlines 787-10 (BOE039 unpainted) minutes before sunset. Temporary tail number. Short final after a quick test f\xe2\x80\xa6'
2018-12-05 00:08:22,b'RT @cassidysvacay: United Airlines 787-10 (BOE039 unpainted) minutes before sunset. Temporary tail number. Short final after a quick test f\xe2\x80\xa6'
2018-12-05 00:01:34,b'RT @cassidysvacay: United Airlines 787-10 (BOE039 unpainted) test flight. That is a temporary tail number. High-speed taxi test. @united #C\xe2\x80\xa6'
2018-12-05 00:01:31,b'RT @cassidysvacay: United Airlines 787-10 (BOE039 unpainted) minutes before sunset. Temporary tail number. Short final after a quick test f\xe2\x80\xa6'
2018-12-04 23:55:00,b'United Airlines 787-10 (BOE039 unpainted) minutes before sunset. Temporary tail number. Short final after a quick t\xe2\x80\xa6 https://t.co/B6f4xWEPB8'
2018-12-04 23:54:41,b'RT @cassidysvacay: United Airlines 787-10 (BOE039 unpainted) test flight. That is a temporary tail number. High-speed taxi test. @united #C\xe2\x80\xa6'
2018-12-04 23:52:33,b'RT @ShrinersNorCA: Thank you @united for donating your adorable Ben Flyin bears to our patients! You brought a lot of smiles to our hospita\xe2\x80\xa6'
2018-12-04 23:51:14,b'RT @cassidysvacay: United Airlines 787-10 (BOE039 unpainted) test flight. That is a temporary tail number. High-speed taxi test. @united #C\xe2\x80\xa6'
2018-12-04 23:47:56,b'RT @ShrinersNorCA: Thank you @united for donating your adorable Ben Flyin bears to our patients! You brought a lot of smiles to our hospita\xe2\x80\xa6'
2018-12-04 23:47:42,b'United Airlines 787-10 (BOE039 unpainted) test flight. That is a temporary tail number. High-speed taxi test.\xe2\x80\xa6 https://t.co/nRqBWAim4i'
2018-12-04 23:40:58,b'Thank you @united for donating your adorable Ben Flyin bears to our patients! You brought a lot of smiles to our ho\xe2\x80\xa6 https://t.co/4gA3PZw2Is'
2018-12-04 23:40:28,b'Flying widebody on a short-haul flight is always appreciated if rarely experienced. #Boeing #777-200 #Widebody\xe2\x80\xa6 https://t.co/OqUTC9v0pN'
2018-12-04 23:09:15,b'Mistakes I\xe2\x80\x99ve made: Booking Basic Economy on United Airlines. What type of airline won\xe2\x80\x99t let you take or buy a carr\xe2\x80\xa6 https://t.co/jWxVUvSaa7'
2018-12-04 22:57:39,"b""#racism #NastyAirlines\nFormer NBA player #EricMurdock sues #UnitedAirlines for 'race-baiting'. https://t.co/ArPMkDG3wO"""
2018-12-04 22:45:18,b'@unitedairlines still no reply. Pathetic the service. 3 months for lost luggage claim. #unitedworstever\xe2\x80\xa6 https://t.co/E9Y9SH5ej2'
2018-12-04 22:27:00,b'Today\xe2\x80\x99s view from the office: A tale of three tails. #unitedairlines #airport #airplane #iah #officeview\xe2\x80\xa6 https://t.co/sksyXrTfbR'
2018-12-04 22:23:20,b'United flight = delayed flight. Typical #unitedAIRLINES'
2018-12-04 21:16:57,"b""RT @_Fireplay: Ever wondered what's behind the curtain of your favorite performances? Find out all about it in this article by @hemispheres\xe2\x80\xa6"""
2018-12-04 21:00:51,b'Mount Hood from the window #portland #oregon #unitedairlines @ Portland International Airport https://t.co/MZqQmmrCcu'
2018-12-04 20:27:12,"b""RT @_Fireplay: Ever wondered what's behind the curtain of your favorite performances? Find out all about it in this article by @hemispheres\xe2\x80\xa6"""
2018-12-04 20:13:28,"b'Guess I won\xe2\x80\x99t be going home for Xmas just yet, @united risking safety, losing my luggage &amp; completing that with rud\xe2\x80\xa6 https://t.co/xyezoBFyxP'"
2018-12-04 20:11:12,b'When the #friendlyskies meet the ground. #unitedAIRLINES #FlyingWhileBlack https://t.co/o7V2W4I707'
2018-12-04 20:09:43,b'Counting down till vacation time! Will be my first time flying on a 787. #unitedairlines #united #travel\xe2\x80\xa6 https://t.co/4yHj0GdH2U'
2018-12-04 20:01:34,b'$631* &amp; up -- United Airlines Flights to Tahiti into Winter (Roundtrip) https://t.co/f5VpEN13wq #ppt #sea\xe2\x80\xa6 https://t.co/2OrGUKjc9p'
2018-12-04 19:51:13,"b'@unitedairlines flt 253 Houston, you have a problem.  If you are having a mechanical issue with Flt 253 to Honolulu\xe2\x80\xa6 https://t.co/N06w1cwivi'"
2018-12-04 19:49:08,"b""[#UnitedAirlines] New 'Premium Plus' seats on sale Dec. 3 https://t.co/6oriiI7ptb"""
2018-12-04 19:20:07,b'TRAVEL TIPS: Learn How to Check-in  @united  Self-service Kiosk or book tickets worldwide using powerful search eng\xe2\x80\xa6 https://t.co/IlWybDjsdH'
2018-12-04 19:17:27,"b'#UnitedAirlines has #launched its #premium economy class, with tickets on #sale from December 3 for some #flights a\xe2\x80\xa6 https://t.co/b6e1wjX5jt'"
2018-12-04 18:45:05,b'Better late than never... most of the major international airlines have been offering this for years. I walked away\xe2\x80\xa6 https://t.co/7695ca4fhr'
2018-12-04 18:24:44,b'RT @MCG60707: Being able to share #BenFlyin(teddy bear) with children while they are in the hospital...yes priceless. thank you #UnitedAirl\xe2\x80\xa6'
2018-12-04 18:17:04,b'I\xe2\x80\x99ve been warned not to fly @United before. I should have listened. Even budget airlines feel First Class compared to #UnitedAirlines.'
2018-12-04 17:01:24,b'$700* &amp; up -- Flights to Buenos Aires Aboard United Airlines (Roundtrip) https://t.co/KAfBKHPxBs #eze #den\xe2\x80\xa6 https://t.co/9IbZ5yDDmr'
2018-12-04 16:20:03,"b""Ex-NBAer Eric Murdock Sues #UnitedAirlines over 'Race-Baiting' Flight Attendant - Bleacher Report https://t.co/uPSwkCAxw6"""
2018-12-04 16:15:07,"b'I will never fly #UnitedAirlines again. Years ago, while connecting to another flight, they left our luggage on the\xe2\x80\xa6 https://t.co/p0OIHrbQkt'"
2018-12-04 15:49:47,b'United Airlines faces $10 million lawsuit from former NBA player over altercation\n#unitedAIrlines #flight #flying\xe2\x80\xa6 https://t.co/zSn9sMjhHC'
2018-12-04 15:45:06,"b'RT @kslnewsradio: Former Jazzman suing #UnitedAirlines for $10 million, claiming racial bias and discrimination. https://t.co/889Qpyf9OO'"
2018-12-04 15:35:40,"b'Former Jazzman suing #UnitedAirlines for $10 million, claiming racial bias and discrimination. https://t.co/889Qpyf9OO'"
2018-12-04 15:13:56,b'#UnitedAirlines and the myth of \xe2\x80\x98ad-free\xe2\x80\x99 in paid #music #streaming. https://t.co/klx50DR3ol #spotify'
2018-12-04 15:07:52,"b""RT @_Fireplay: Ever wondered what's behind the curtain of your favorite performances? Find out all about it in this article by @hemispheres\xe2\x80\xa6"""
2018-12-04 15:06:37,b'#UnitedAirlines is starting to sell seats aboard its new hashtag#premiumeconomy section.  Premium economy tickets c\xe2\x80\xa6 https://t.co/jhIZrEQetz'
2018-12-04 14:58:22,"b'@united #unitedAIRLINES  baggage people are thieves!!!!! How do you charge people to check a bag, and your people a\xe2\x80\xa6 https://t.co/bn0UhSt4Xf'"
2018-12-04 14:41:26,b'RT @mythra13: @realDonaldTrump #UnitedAirlines #JacksonLee plays the #RaceCard when challenged. Not surprising when the 9th &amp; 18th Texas Co\xe2\x80\xa6'
2018-12-04 14:02:03,"b'@mikefreemanNFL @United #UnitedAirlines , I\xe2\x80\x99m white; how come this NEVER was requested of me??? Answer or never flying you again.'"
2018-12-04 12:22:44,"b""RT @_Fireplay: Ever wondered what's behind the curtain of your favorite performances? Find out all about it in this article by @hemispheres\xe2\x80\xa6"""
2018-12-04 11:50:09,b'Got to the airport early enough to catch a flight that is 1 hour prior to mine and the #United gate agent let me ri\xe2\x80\xa6 https://t.co/g5gZPvqFSv'
2018-12-04 11:30:08,"b""@united Honestly the worst customer care I've ever experienced. Had an issue with my flight being canceled in Octob\xe2\x80\xa6 https://t.co/OP62XxqwZs"""
2018-12-04 11:22:57,"b""When I didn't think it could get any worse... My luggage did not transfer onto my new flight after I was assured it\xe2\x80\xa6 https://t.co/Avu6TGBRGk"""
2018-12-04 10:15:11,b'Our recent #travelposter auction really took flight! This 1968 #Disneyland #UnitedAirLines Enchanted Tiki Room lith\xe2\x80\xa6 https://t.co/8uI6CqgOJT'
2018-12-04 06:52:54,b'#UnitedAirlines #CustomerService Phone Number +1-833-222-2937 https://t.co/WLMXhbnGyK #UnitedStates #USA #Canada\xe2\x80\xa6 https://t.co/rjjalhTF31'
2018-12-04 06:45:29,b'Being able to share #BenFlyin(teddy bear) with children while they are in the hospital...yes priceless. thank you\xe2\x80\xa6 https://t.co/U1NJWhr9xM'
2018-12-04 04:07:54,b'Economy plus on earlier flight CRJ 700. I got more legroom than First Class. #unitedairlines #united #avgeek\xe2\x80\xa6 https://t.co/kMI9cZWnjE'
2018-12-04 03:46:55,b'So #Unitedairlines finds it impossible to maintain a consistent policy as applies to online check in. It seems as t\xe2\x80\xa6 https://t.co/Z9Drbt0dLj'
2018-12-04 03:24:56,"b""RT @_Fireplay: Ever wondered what's behind the curtain of your favorite performances? Find out all about it in this article by @hemispheres\xe2\x80\xa6"""
2018-12-04 03:24:20,"b""Ever wondered what's behind the curtain of your favorite performances? Find out all about it in this article by\xe2\x80\xa6 https://t.co/mm7CLFnaeX"""
2018-12-04 02:53:03,b'Thanks @united Amazing captains for a smooooooth flight &amp; getting me home safe! #flyunited #unitedair\xe2\x80\xa6 https://t.co/2nhNNSMPh4'
2018-12-04 02:23:00,"b'RT @flymilehighden: Love our amazing drivers! They help make it all possible for our valued Global Services customers! #beingunited, @weare\xe2\x80\xa6'"
2018-12-04 02:08:15,"b'Thanks @united for your response! UA 3761, which was 20 min early, had gate support 20 minutes late. C\xe2\x80\x99est dommage!\xe2\x80\xa6 https://t.co/WUopayYBFO'"
2018-12-04 01:49:38,"b'Love our amazing drivers! They help make it all possible for our valued Global Services customers! #beingunited,\xe2\x80\xa6 https://t.co/KcqDQtvheQ'"
2018-12-04 01:12:36,b'@united hands down worst customer service ever. Been trying to get my miles credit back for 10 months now.\xe2\x80\xa6 https://t.co/8I5hpxonnN'
2018-12-04 00:55:04,"b'All who worried! Ua 3761 is my flight and perchance we are moving! A gate?@united, #notestounited, #unitedAIRLINES'"
2018-12-04 00:30:29,"b'@united Thanks @United! Thanks, love you guys! Thanks for getting coffee that no longer tastes like soylent green!\xe2\x80\xa6 https://t.co/aNJHYoqBaT'"
2018-12-04 00:25:12,"b'Hello United? We are on UA 3761 ORD -MKE, we are 25 minutes early and no one is answering the phone. We are, well,\xe2\x80\xa6 https://t.co/GrkleGCCra'"
2018-12-04 00:05:09,b'#unitedAIRLINES delayed at Norfolk stuck overnight and refusing to provide lodging. Please help!'
2018-12-03 23:18:39,"b'RT @gurdipsahota: The deepening crisis with #customerservice, or lack thereof !!! #UnitedAirlines #Airlines #PassengersBillofRights #US #Ca\xe2\x80\xa6'"
2018-12-03 22:47:33,b'RT @seat38a: Baby bus headed out. #avgeek #avgeeks #sacramento #airbus #airbus319 #aviationlovers #aviation_lovers #aviationdaily #wanderlu\xe2\x80\xa6'
2018-12-03 22:46:27,b'Baby bus headed out. #avgeek #avgeeks #sacramento #airbus #airbus319 #aviationlovers #aviation_lovers\xe2\x80\xa6 https://t.co/C8wXapBgno'
2018-12-03 21:52:17,b'Off to LA. #boeing #unitedairlines #aviation #travel #losangeles #lax https://t.co/FT17qUHF9m'
2018-12-03 21:00:23,b'Thanks to @united for adding \xe2\x80\x9cpillows\xe2\x80\x9d to their already uncomfortable seats ... I get to now sit like this the enti\xe2\x80\xa6 https://t.co/56vmHUcVpj'
2018-12-03 20:28:40,"b""It's 1225 PM - ready to board #unitedairlines to #houston then #orlando The #caltrain ride from #mtview to #milbrae\xe2\x80\xa6 https://t.co/mMu7qSkyQU"""
2018-12-03 19:49:00,b'#UnitedAirlines To Launch New Premium Plus Seats https://t.co/qY9ABRHOxt'
2018-12-03 19:43:35,b'On a layover in Newark and I got to see @Iam_RonMarks who isn\xe2\x80\x99t even working a flight today. LOL He has the day off\xe2\x80\xa6 https://t.co/U0YV7gz33Y'
2018-12-03 16:27:11,b'When the #princess gets tired of the paparazzi following with the camera out \xf0\x9f\xa4\xa3. She was not having it! #daddysgirl\xe2\x80\xa6 https://t.co/frWYPeEkpv'
2018-12-03 16:13:30,b'RT @IADSpotting: Love the trees in fall\n____________________\n#Boeing787 #BoeingDreamliner #Boeing787Dreamliner #B787 #Dreamliner #Boeing #U\xe2\x80\xa6'
2018-12-03 16:02:12,b'RT @IADSpotting: Love the trees in fall\n____________________\n#Boeing787 #BoeingDreamliner #Boeing787Dreamliner #B787 #Dreamliner #Boeing #U\xe2\x80\xa6'
2018-12-03 16:01:25,b'Love the trees in fall\n____________________\n#Boeing787 #BoeingDreamliner #Boeing787Dreamliner #B787 #Dreamliner\xe2\x80\xa6 https://t.co/3bDWHqGMqQ'
2018-12-03 15:55:18,"b'I usually take the aisle seat, but no window at all?  That\xe2\x80\x99s kind of a bummer seat layout on my flight from AUS-ORD\xe2\x80\xa6 https://t.co/LwUrWQZEB1'"
2018-12-03 15:49:33,b'@united #economyplus #unitedeconomyplus CLE to EWR #1530 - legroom absolutely shrinking on a flight I have taken fo\xe2\x80\xa6 https://t.co/KJGtVceL13'
2018-12-03 15:00:40,b'$631* &amp; up -- United Airlines Flights to Tahiti into Winter (Roundtrip) https://t.co/f5VpEN13wq #ppt #pdx\xe2\x80\xa6 https://t.co/LzCDAMElHS'
2018-12-03 14:12:50,b'RT @TammyLHServedio: #UnitedAirlines now serving #MammothCalifornia!! Great work from our Business Partners on opening the station!! @Grewa\xe2\x80\xa6'
2018-12-03 13:34:54,b'Only at ORF can a flight be delayed because the gate agents left the jet bridge engaged. #ORF #UnitedAirlines\xe2\x80\xa6 https://t.co/Xi6NRPy08M'
2018-12-03 13:00:27,b'$700* &amp; up -- Flights to Buenos Aires Aboard United Airlines (Roundtrip) https://t.co/KAfBKHPxBs #eze #ewr\xe2\x80\xa6 https://t.co/XuAgSFnXVW'
2018-12-03 10:15:12,b'Collectors went wild over lot 634 in our recent #travelposter auction. This #Disneyland #UnitedAirlines 1950s examp\xe2\x80\xa6 https://t.co/oTQ8bXCnz0'
2018-12-03 10:13:19,"b'A $1,400 uptake in price for a computer glitch--This increase in price is downright devasting for a freelance consu\xe2\x80\xa6 https://t.co/UwZdEGIclM'"
2018-12-03 07:26:28,"b'#UnitedAirlines @united a bunch of global services, 1ks and first class passengers standing on the aerobridge for f\xe2\x80\xa6 https://t.co/wcRxELoZUk'"
2018-12-03 07:17:09,b'#United #Airlines #Customer #Service #Number - Call Now 1-833-222-2937\nhttps://t.co/KauLTCrL7S\n#UnitedAirlines\xe2\x80\xa6 https://t.co/pHTFT6XkPd'
2018-12-03 06:30:29,"b'Love flying @united, but man that was the hottest flight I\xe2\x80\x99ve ever been on! \xf0\x9f\xa5\xb5 #EWRtoDFW #unitedairlines'"
2018-12-03 06:26:57,b'Looks like I\xe2\x80\x99m missing my flight to #LasVegas and all the #UnitedAirlines systems here in #SanFranciso #Airport see\xe2\x80\xa6 https://t.co/efVWqXIRpr'
2018-12-03 05:28:46,b'Get 45% #Discount at #UnitedAirlines #Reservations Phone Number +1-833-222-2937 Call us now!\xe2\x80\xa6 https://t.co/cRgEpXGDp5'
2018-12-03 03:53:10,"b'RT @megmyers: Hey United thanks for nuttin\xe2\x80\x99, and lying so you don\xe2\x80\x99t have to compensate the customers that miss their connecting flights. Cl\xe2\x80\xa6'"
2018-12-03 02:50:04,"b""#ICYMI Former NBA Star Eric Murdock Files $10M Lawsuit Against United Airlines For 'Race-Baiting'\xe2\x80\xa6 https://t.co/E9HUpIKgXO"""
2018-12-03 02:10:03,b'Earn Bonus Miles with United Mile Play - https://t.co/hfzSRLPB6i - #Deals #UnitedAirlines https://t.co/3G8m15xWh6 https://t.co/MhqOH4PHAF'
2018-12-03 02:07:34,"b'RT @megmyers: Hey United thanks for nuttin\xe2\x80\x99, and lying so you don\xe2\x80\x99t have to compensate the customers that miss their connecting flights. Cl\xe2\x80\xa6'"
2018-12-03 01:36:13,b'#UnitedAirlines now serving #MammothCalifornia!! Great work from our Business Partners on opening the station!!\xe2\x80\xa6 https://t.co/gVEa8iVw22'
2018-12-03 01:08:31,b'.. #wheelsUp .. #jetEngine in the foreground .. #nightLightsOfDenver in the background .. #Iluv2fly .. TY\xe2\x80\xa6 https://t.co/Fxx8R14XqL'
2018-12-03 00:33:01,b'#JetBlue airplane is 3hours late but the gate agent set out food and drinks. This is why I love @JetBlue #dontfly\xe2\x80\xa6 https://t.co/SfR2h0JWrh'
2018-12-02 23:36:10,"b'RT @megmyers: Hey United thanks for nuttin\xe2\x80\x99, and lying so you don\xe2\x80\x99t have to compensate the customers that miss their connecting flights. Cl\xe2\x80\xa6'"
2018-12-02 23:26:21,b'Sign up and complete a survey at Miles for Thoughts and I have the opportunity to earn 150 award miles miles! It is\xe2\x80\xa6 https://t.co/cpbD3eDF2q'
2018-12-02 23:22:59,"b'RT @megmyers: Hey United thanks for nuttin\xe2\x80\x99, and lying so you don\xe2\x80\x99t have to compensate the customers that miss their connecting flights. Cl\xe2\x80\xa6'"
2018-12-02 23:19:00,"b'. @CopaAirlines, @united and @Avianca sign joint business agreement https://t.co/ZhdHTZ81Pj #PanamaTodayNews\xe2\x80\xa6 https://t.co/sYQOfLHArB'"
2018-12-02 23:13:41,b'For the first time in at least 8 years I came across a rude @united flight attendant. It doesn\xe2\x80\x99t happen often at le\xe2\x80\xa6 https://t.co/BQa0qIrzHK'
2018-12-02 22:58:51,b'OMG! This was a tight fit. CRJ 200 sucks! BTW this is economy plus. Had so many butts rub against me as people were\xe2\x80\xa6 https://t.co/wpFihu7ndr'
2018-12-02 22:16:12,b'United Airlines exceeds all other airlines with respect to poor customer service and blatant lying to customers\xe2\x80\xa6 https://t.co/tPbPPvfGRe'
2018-12-02 21:41:32,b'Thank you #united #unitedairlines for the great fly over the Grand Canyon #vegas #nevada today! https://t.co/KqFX9dg21W'
2018-12-02 21:30:08,"b'RT @megmyers: Hey United thanks for nuttin\xe2\x80\x99, and lying so you don\xe2\x80\x99t have to compensate the customers that miss their connecting flights. Cl\xe2\x80\xa6'"
2018-12-02 21:28:08,b'Episode 2 of the #Learningtolive podcast is released! Check it out:\nhttps://t.co/NSZJCj2e2B #unitedairlines\xe2\x80\xa6 https://t.co/ZD40rlcQ7l'
2018-12-02 20:45:00,b'@united Your reply of know compensation for three day delay is unjustified and confirms #unitedairlines\xe2\x80\xa6 https://t.co/nHykUiyzDO'
2018-12-02 20:43:17,b'@united Private message was a waste of time with you asking me just to phone you which Ive already is not possible\xe2\x80\xa6 https://t.co/R6JaEt287z'
2018-12-02 20:28:54,"b""@united Ive sent my email address. I expect some kind of action from #unitedairlines and not the time wasting I've\xe2\x80\xa6 https://t.co/joJTsUrLdA"""
2018-12-02 20:01:55,b'RT @TimFooleryBlog: Flying the Disheveled Skies with United.  I guess a ripped up first class seat is better than a hole in the fuselage.\xe2\x80\xa6'
2018-12-02 20:00:47,b'Flying the Disheveled Skies with United.  I guess a ripped up first class seat is better than a hole in the fuselag\xe2\x80\xa6 https://t.co/53R4x64Tgj'
2018-12-02 19:46:30,b'@united Obviously I tried that 3 months ago wrongly expecting them to answer!!!! #unitedairlines has to be the wors\xe2\x80\xa6 https://t.co/xibgOu5cFV'
2018-12-02 19:37:38,"b'RT @megmyers: Hey United thanks for nuttin\xe2\x80\x99, and lying so you don\xe2\x80\x99t have to compensate the customers that miss their connecting flights. Cl\xe2\x80\xa6'"
2018-12-02 19:04:52,"b'RT @megmyers: Hey United thanks for nuttin\xe2\x80\x99, and lying so you don\xe2\x80\x99t have to compensate the customers that miss their connecting flights. Cl\xe2\x80\xa6'"
2018-12-02 19:04:07,"b'RT @megmyers: Hey United thanks for nuttin\xe2\x80\x99, and lying so you don\xe2\x80\x99t have to compensate the customers that miss their connecting flights. Cl\xe2\x80\xa6'"
2018-12-02 19:03:14,"b'RT @megmyers: Hey United thanks for nuttin\xe2\x80\x99, and lying so you don\xe2\x80\x99t have to compensate the customers that miss their connecting flights. Cl\xe2\x80\xa6'"
2018-12-02 19:02:39,"b'Hey United thanks for nuttin\xe2\x80\x99, and lying so you don\xe2\x80\x99t have to compensate the customers that miss their connecting f\xe2\x80\xa6 https://t.co/OGJPsZwhII'"
2018-12-02 18:42:28,b'@united @LASairport MAX 9 LOOKING FRESH TOUCHING DOWN FROM (LAX) #UnitedAirlines #737MAX https://t.co/5POQ0TILW8'
2018-12-02 18:42:13,"b""@united Can't phone this number from France. 16 weeks I've been waiting for compensation for lost luggage and nothi\xe2\x80\xa6 https://t.co/b5QIiQLSS4"""
2018-12-02 18:36:02,b'RT @BuffyCook: Another new pic of @adamlambert ..\xf0\x9f\x92\x9e\nfrom 1smbennett IG...\xf0\x9f\x92\x96\xf0\x9f\x92\x96\nFavorite passenger of the day! Mr. Adam Lambert. #americanidol #\xe2\x80\xa6'
2018-12-02 18:29:55,"b'#UnitedAirlines seems to WANT to make things difficult for Hank, who is 79, has had two strokes, and has advanced Parkinson\xe2\x80\x99s'"
2018-12-02 18:16:42,"b'One year ago in December 2017,  our fame spread far and wide (in the back seat pocket of every #unitedairlines plan\xe2\x80\xa6 https://t.co/U2xXHjIwgq'"
2018-12-02 18:10:11,b'Another new pic of @adamlambert ..\xf0\x9f\x92\x9e\nfrom 1smbennett IG...\xf0\x9f\x92\x96\xf0\x9f\x92\x96\nFavorite passenger of the day! Mr. Adam Lambert.\xe2\x80\xa6 https://t.co/8DJ7eyz2eN'
2018-12-02 17:47:43,b'RT @Airplane_Ams: U N I T E D - B O E I N G - 7 7 7\n@united B777-222(ER) Arriving At @HeathrowAirport After The 6 Hours Flight From Washing\xe2\x80\xa6'
2018-12-02 17:44:26,b'U N I T E D - B O E I N G - 7 7 7\n@united B777-222(ER) Arriving At @HeathrowAirport After The 6 Hours Flight From W\xe2\x80\xa6 https://t.co/bM3oOFg4r6'
2018-12-02 17:28:05,"b'One year ago, in December 2017, my fame, that of several of my PSC friends and one "" sacred passenger"" was spread o\xe2\x80\xa6 https://t.co/E5GKC0d2ic'"
2018-12-02 16:05:28,b'RT @dlbinne: Gee thanks United Airlines! Why bother??\n#unitedairlines\n#airtravel https://t.co/rot6gZdz50'
2018-12-02 15:59:44,b'Is trading gift cards for United miles a good deal? #travel https://t.co/KaAc0HDcIs #giftcards #manufacturedspend #unitedairlines'
2018-12-02 15:47:42,"b'Seriously, @united? #unitedairlines https://t.co/pw65GQGoWA'"
2018-12-02 15:45:40,"b'RT @MermelsteinLeah: I am being charged 1,400 dollars for changing my ticket because of a computer mistake by @united.  I am trying to get\xe2\x80\xa6'"
2018-12-02 15:15:49,"b'@united five hour delay? No email, text, notification. Free Wifi on flight? Email AND text message. Free checked ba\xe2\x80\xa6 https://t.co/5gnjstkDYR'"
2018-12-02 15:01:04,"b'Stuck on the tarmac at AUS for Saftey check , but look at this photo I caught !!! Y\xe2\x80\x99all have a good day\xe2\x80\xa6 https://t.co/3BSONPiYB4'"
2018-12-02 13:09:56,b'RT @nuttumas: Hold on a min #united am I correct? You just offers a link to file a complaint? What good is that #patriots I\xe2\x80\x99m thinking I ju\xe2\x80\xa6'
2018-12-02 11:42:07,b'RT @nuttumas: Hold on a min #united am I correct? You just offers a link to file a complaint? What good is that #patriots I\xe2\x80\x99m thinking I ju\xe2\x80\xa6'
2018-12-02 10:13:53,b'UA 767 having just arrived from New York in A\xce\xb8ens !\xf0\x9f\x87\xba\xf0\x9f\x87\xb8\xf0\x9f\x92\x99\xe2\x9c\x88\xef\xb8\x8f\n-\n@united @ATH_airport @staralliance @Boeing \n#united\xe2\x80\xa6 https://t.co/zj6OWaT7DI'
2018-12-02 07:27:06,"b""#UnitedAirlines launching 'rhapsodic' #socialmedia #music project https://t.co/lWQyF2pc3b via @ChiBizJournal #airlines #airlinesmarketing"""
2018-12-02 07:00:00,"b'RT @SteveHarveyFM: Our young girls can be anything! \xf0\x9f\x91\x8c\xf0\x9f\x8f\xbe\n\n#Repost @lipsbycarla...\nThis #unitedairlines female pilot told my daughter Tosha, s\xe2\x80\xa6'"
2018-12-02 06:09:02,"b""This type of behavior led to me refusing to fly #UnitedAirlines years ago. I'll drive first. https://t.co/h6aVw2E751"""
2018-12-02 03:54:49,b'The benefit of working for #UnitedAirlines. Fly to Maui to see #MirandaLambert in Concert. https://t.co/3muGyHl8Ao'
2018-12-02 03:31:52,b'Gee thanks United Airlines! Why bother??\n#unitedairlines\n#airtravel https://t.co/rot6gZdz50'
2018-12-02 03:30:50,"b'United Airlines #Airbus A320-200 Economy Class, #Seattle nach San Francisco https://t.co/oDHeTun9Rs #a320\xe2\x80\xa6 https://t.co/mwx5Q8k0ep'"
2018-12-02 02:44:03,b'#myjourneywithUnited @united arrived from Vancouver with a tight connection and then excellent service from\xe2\x80\xa6 https://t.co/P1XED91vCm'
2018-12-02 02:30:39,b'Hold on a min #united am I correct? You just offers a link to file a complaint? What good is that #patriots I\xe2\x80\x99m thi\xe2\x80\xa6 https://t.co/dxynJ8B1J3'
2018-12-02 02:24:37,b'#UnitedAirlines #Discrimination @united The professional code of conduct displayed by a UA flight attendant is disg\xe2\x80\xa6 https://t.co/qTQDurgyNk'
2018-12-02 02:19:45,b'Truly enjoyed having staff from #UnitedAirlines at #MBIceArena. @united is a great Chicago company.'
2018-12-02 02:12:16,"b""RT @MsXaviB: Former NBA Star Eric Murdock Files $10M Lawsuit Against United Airlines For 'Race-Baiting' https://t.co/1mVroVpeVg \xf0\x9f\xa4\xa6\xf0\x9f\x8f\xbe\xe2\x80\x8d\xe2\x99\x80\xef\xb8\x8f\xe2\x9c\x88\xef\xb8\x8f\xe2\x9a\x96\xef\xb8\x8f\xf0\x9f\x8d\xa6#\xe2\x80\xa6"""
2018-12-02 02:11:48,"b""RT @IceCreamConvos: Former NBA Star Eric Murdock Files $10M Lawsuit Against United Airlines For 'Race-Baiting' https://t.co/3Kv5owMCGc\xe2\x80\xa6"""
2018-12-02 02:06:25,b'#unitedairlines is a joke - both my flights ended before they took off with sudden \xe2\x80\x9cout of service\xe2\x80\x9d issues! 15 hour\xe2\x80\xa6 https://t.co/HSDhuajJ5f'
2018-12-02 01:49:53,"b'#unitedairlines 1861 final approach into #LAX yesterday. After almost two weeks on the road, I was so happy to be h\xe2\x80\xa6 https://t.co/33sfKJTFhW'"
2018-12-02 01:34:28,"b'#unitedairlines 1861 final approach into #LAX yesterday. After almost two weeks on the road, I was so happy to be h\xe2\x80\xa6 https://t.co/yM5KT2Fl0H'"
2018-12-02 00:55:43,"b""Former #NBA star sues #UnitedAirlines over in-flight 'race baiting' https://t.co/JAC4LOLNId via @nypost"""
2018-12-02 00:31:02,b'When I say I have the whole row to myself...I mean I have the WHOLE ROW to myself! Let the Larry Glickman Tent Magi\xe2\x80\xa6 https://t.co/8cSj2zPFTf'
2018-12-01 23:59:48,b'Anybody know what this flight safety instruction illustration is supposed to mean is it something important I shoul\xe2\x80\xa6 https://t.co/iozG8lTpWO'
2018-12-01 23:42:07,b'@maggiernbsn Lol well...they said it takes on average 30 mins to change a tire but when the heck do they do the wal\xe2\x80\xa6 https://t.co/46DIGbKEgi'
2018-12-01 23:25:06,b'RT @shanlonwu: Ok this is a first for airline adventures the entire plane just had to deplane because they found a flat tire before we took\xe2\x80\xa6'
2018-12-01 23:14:39,b'Ok this is a first for airline adventures the entire plane just had to deplane because they found a flat tire befor\xe2\x80\xa6 https://t.co/uJtvkKaIHX'
2018-12-01 22:14:06,b'Really @united How do you not cater our 3.5 hour flight (UA670) and force captain to buy food from other flights an\xe2\x80\xa6 https://t.co/SUWDpg7K0a'
2018-12-01 21:19:44,b'Guess what airport it is? #chicago #flytime #unitedAIRLINES https://t.co/UnV5DuByr7'
2018-12-01 19:51:13,b'Waiting an hour fir a checked bag at Newark airport.  This is why no one wants to check a bag #unitedairlines'
2018-12-01 19:45:16,"b""Former NBA Star Eric Murdock Files $10M Lawsuit Against United Airlines For 'Race-Baiting' https://t.co/1mVroVpeVg\xe2\x80\xa6 https://t.co/UbDCuNzbbT"""
2018-12-01 19:41:04,"b""Former NBA Star Eric Murdock Files $10M Lawsuit Against United Airlines For 'Race-Baiting' https://t.co/3Kv5owMCGc\xe2\x80\xa6 https://t.co/j3rRGiltKN"""
2018-12-01 19:14:26,b'Water cannon salute of a #fantasyflight by #unitedairlines #ord #chicago https://t.co/Ad9oP8cQ82'
2018-12-01 18:56:53,b'\xe2\x80\x9cI\xe2\x80\x99m sorry our policy forced you to not make your connecting flight with your baggage even though it was actually p\xe2\x80\xa6 https://t.co/ufLpkMaKAn'
2018-12-01 18:36:55,"b""Why is flying such an ordeal. I'm so uncomfortable I want to cry. I have a chubby sleeper next to me and man spread\xe2\x80\xa6 https://t.co/pRY30ro2am"""
2018-12-01 18:18:23,b'RT @Wcash108: @united two pots of gold on a United Jet. Thank you for the great service. #unitedairlines https://t.co/QuyRnq7XIJ'
2018-12-01 17:59:58,"b'#UnitedAirlines, #UA, or #United, #FantasyFlight you guys are awesome!!! Made our holidays start off great and chee\xe2\x80\xa6 https://t.co/By8cVqc6Ux'"
2018-12-01 17:05:41,b'RT @lindsayUALEWR: Most beautiful airport to fly into from the west side! #NYC #EWR #UAIFSBaseEWR #United2winNYC #unitedairlines https://t.\xe2\x80\xa6'
2018-12-01 15:35:41,b'RT @brinleygold: Warm Sun \xe2\x98\x80\xef\xb8\x8f Clear Caribbean Sea \xf0\x9f\x8c\x8a Shipwreck Rum punch in hand \xf0\x9f\x8d\xb9.... St. Kitts is beautiful \xf0\x9f\x8c\xb4 {photo credit #mystkitts &amp; @s\xe2\x80\xa6'
2018-12-01 15:28:33,b'Gilda\xe2\x80\x99s Biscotti featured this month in United Airlines onboard magazine\xe2\x80\x99s gift giving guide!\xf0\x9f\x8c\xb2\xf0\x9f\x8d\xbe\xe2\x9d\xa4\xef\xb8\x8f#gildasbiscotti\xe2\x80\xa6 https://t.co/XJ5dlncwu8'
2018-12-01 15:01:41,b'See...Die Hard IS a Christmas movie! Thanks #unitedairlines https://t.co/GjG7b6tPdL'
2018-12-01 13:05:57,b'How about checking an airplane\xe2\x80\x99s viability more than 5 minutes to boarding? #UnitedAirlines'
2018-12-01 13:03:39,b'#UnitedAirlines Flight delayed 5 minutes prior to boarding due to circuit board problem?'
2018-12-01 13:00:32,"b'A $1,400 uptake in price for a computer glitch-- This increase in price is downright devastating for freelance cons\xe2\x80\xa6 https://t.co/Bbp7EfUJC9'"
2018-12-01 12:58:08,b'Wow. The @united clubs are a chaotic zoo with meh food. Packed with kids running around &amp; noisy as hell. Fortunatel\xe2\x80\xa6 https://t.co/Hd0c0RpyzE'
2018-12-01 12:53:22,b'@united ruining another vacation by cancelling my sister\xe2\x80\x99s flight last minute. Now I\xe2\x80\x99m stuck in Honduras by myself. #unitedairlines'
2018-12-01 12:31:40,b'Note to United Airlines...\n\n#unitedairlines https://t.co/ysqo0CVuCi'
2018-12-01 12:21:13,b'RT @jry227: @united #unitedairlines thanks for a amazing round trip@to Cancun. The only thing that was awful was the old pretzels. The staf\xe2\x80\xa6'
2018-12-01 10:04:30,"b'@united consistently has flight attendants with worse attitudes than any other airline, bar none. Never been able t\xe2\x80\xa6 https://t.co/g2r9MtRcka'"
2018-12-01 09:05:16,b'@united This loyal passenger will definitely be back! It\xe2\x80\x99s s hard industry to please everyone but United does a good job! #unitedairlines'
2018-12-01 08:49:39,b'@united #unitedairlines thanks for a amazing round trip@to Cancun. The only thing that was awful was the old pretze\xe2\x80\xa6 https://t.co/KQr7PV0Sj1'
2018-12-01 08:02:19,b'@FlyANA_official Narita\xe2\x80\x94&gt;SJC 11/28 was a great flight! Love the crew! can\xe2\x80\x99t believe the one \xe2\x9c\x88\xef\xb8\x8f was a female pilot!\xe2\x80\xa6 https://t.co/5EuQ0ui8y1'
2018-12-01 06:10:21,b'@united flight #ua6085.  Passenger suddenly slumped over.  falling into aisle.  Not sleeping!  I yelled for help.\xe2\x80\xa6 https://t.co/Ry03aQ0ZFk'
2018-12-01 05:51:10,b'#unitedairlines  you rebooked my HNL flight tomorrow and moved my economy plus seats that I\xe2\x80\x99ve had since May to ran\xe2\x80\xa6 https://t.co/wDhRQDSWtZ'
2018-12-01 05:37:04,"b'United moves deeper into Latin America with Avianca, Copa tie-up https://t.co/Wx899RTbzx #UnitedAirlines #Avianca #Copa'"
2018-12-01 05:32:46,b'Countdown to Takeoff\xe2\x9c\x88\xef\xb8\x8f \xf0\x9f\x92\x95\xf0\x9f\x8c\x9f#fantasyflight2018 #unitedairlines @weareunited #NorthPole @flySFO #UAIFSbaseSFO \xf0\x9f\x8e\x85 \xe2\x9d\x84\xef\xb8\x8f \xe2\x9b\x84\xef\xb8\x8f https://t.co/Y424i4Xpvt'
2018-12-01 05:27:22,b'@T_A_Gurit @staralliance @united United is part of Star Alliance and based over there. \n\nAfter reading\xe2\x80\xa6 https://t.co/JZAxjrhYwg'
2018-12-01 01:00:50,b'$631* &amp; up -- United Airlines Flights to Tahiti into Winter (Roundtrip) https://t.co/r1Ob1vFLqk #ppt #den\xe2\x80\xa6 https://t.co/gEQ6QdUEpY'
2018-12-01 00:21:06,b'Stay away from United Airlines.   Sitting in Rochester looking at 2 open ramps / gates but the pilot said no one at\xe2\x80\xa6 https://t.co/1HT4Rja7EG'
2018-12-01 00:10:48,b'Our fellow United employees in action. Decorating the boarding area in preparation for the Fantasy flight. \xf0\x9f\x98\x89\xe2\x80\xa6 https://t.co/C20edSD9fX'
2018-12-01 00:05:00,b'Does Aldovia have any cities?! So weird that Aldovia is the name of the airport. But yeah #Unitedairlines. #ChristmasPrince2'
2018-11-30 23:52:38,"b'#UnitedAirlines to home ORD (@ Gate 65 in San Francisco, CA) https://t.co/10Nax05XuX'"
2018-11-30 23:32:22,b'That face u make when life hits u in the gut!!! But ur only choice is to suck it up and head to ur happy place!!\xe2\x80\xa6 https://t.co/n1FmgbHydv'
2018-11-30 23:28:32,"b'RT @MakeLifeGood2: United Airlines CEO Oscar Munoz Make(s) Life Good for a frail, elderly woman who gave his first-class seat and took her\xe2\x80\xa6'"
2018-11-30 23:10:09,"b'United Airlines CEO Oscar Munoz Make(s) Life Good for a frail, elderly woman who gave his first-class seat and took\xe2\x80\xa6 https://t.co/RL51rbmwWA'"
2018-11-30 22:47:05,b'BOS-EWR-MUC; \xf0\x9f\x87\xa9\xf0\x9f\x87\xaa bound &amp; down \xf0\x9f\x8d\xbb#Prost #UnitedAirlines #MileageRun'
2018-11-30 22:07:21,b'#sunrise at #johnwayneairport \xf0\x9f\x9b\xab\xf0\x9f\x8c\x9e #orangecounty #socal #friday #friyay #fridayfunday #specialdelivery\xe2\x80\xa6 https://t.co/HnAmRK7rRq'
2018-11-30 21:28:38,"b'Best leg room ever - NOT!  Stewardess requested I move bag out of overhead, not big enough. #unitedAIRLINES https://t.co/fsz4EUApqA'"
2018-11-30 21:20:50,"b'Flight in SLC delayed 5 hours for maintenance, bathrooms in the terminal closed.... thanks #UnitedAirlines'"
2018-11-30 20:56:11,b'#Education can be difficult. My daughter asked me: Daddy why have we checked our luggage in @UnitedAirlines\xe2\x80\xa6 https://t.co/0KgWo6GgBn'
2018-11-30 20:28:00,b'Most beautiful airport to fly into from the west side! #NYC #EWR #UAIFSBaseEWR #United2winNYC #unitedairlines https://t.co/GbfMjHrrrM'
2018-11-30 20:21:44,b'Southern California is so beautiful! Grateful to get a little break from the cold but excited to get back to the ea\xe2\x80\xa6 https://t.co/fCyVpFDJWM'
2018-11-30 20:09:31,"b""Find me an airlines that doesn't frustrates the F out of u with hidden upsell gimmicks when booking. Show me one wh\xe2\x80\xa6 https://t.co/3OrqL3n2Ar"""
2018-11-30 20:00:53,b'$594* &amp; up -- United Airlines Flights to Sydney (Roundtrip) https://t.co/TvBZaAxMNl #syd #sfo #unitedairlines https://t.co/Ecwoh5UFFD'
2018-11-30 19:18:38,b'Hello World! RUAEA is now on Twitter! #RUAEA #UnitedAirlines'
2018-11-30 19:15:59,b'RT @FlyingPhotog: #UnitedAirlines CEO Oscar Munoz gave up his first class seat for a frail-looking elderly woman. #travel #PaxEx https://t.\xe2\x80\xa6'
2018-11-30 18:49:58,b'Warm Sun \xe2\x98\x80\xef\xb8\x8f Clear Caribbean Sea \xf0\x9f\x8c\x8a Shipwreck Rum punch in hand \xf0\x9f\x8d\xb9.... St. Kitts is beautiful \xf0\x9f\x8c\xb4 {photo credit\xe2\x80\xa6 https://t.co/JXVLoYVx9V'
2018-11-30 17:01:52,b'$447* &amp; up -- United Airlines Flights to Hong Kong (Roundtrip) https://t.co/znOeA3T60Z #hkg #ord #unitedairlines https://t.co/VAyCozCNay'
2018-11-30 16:53:37,"b'I\xe2\x80\x99ve never tweeted a complaint before, but holy crap no one should EVER fly @United. Greedy, poorly ran company wit\xe2\x80\xa6 https://t.co/0qdCW2vlk4'"
2018-11-30 15:01:42,b'$700* &amp; up -- Flights to Buenos Aires Aboard United Airlines (Roundtrip) https://t.co/KAfBKI78t0 #eze #sfo\xe2\x80\xa6 https://t.co/wQaCgS2ww7'
2018-11-30 14:29:39,"b'RT @JaspreetUnited: A lot of hard work, but also a really neat experience. Excited to see the new inflight entertainment system onboard the\xe2\x80\xa6'"
2018-11-30 14:22:31,"b'RT @JaspreetUnited: A lot of hard work, but also a really neat experience. Excited to see the new inflight entertainment system onboard the\xe2\x80\xa6'"
2018-11-30 14:21:45,"b'RT @JaspreetUnited: A lot of hard work, but also a really neat experience. Excited to see the new inflight entertainment system onboard the\xe2\x80\xa6'"
2018-11-30 14:20:27,"b'A lot of hard work, but also a really neat experience. Excited to see the new inflight entertainment system onboard\xe2\x80\xa6 https://t.co/Issa3d9cfw'"
2018-11-30 14:03:32,b'This man is snoring so loud on the plane. I don\xe2\x80\x99t know whether to be mad or jealous. #UnitedAirlines #needsleep #earplugsplease'
2018-11-30 13:54:27,b'Absolutely disgusting #unitedairlines \xf0\x9f\xa4\xae\xf0\x9f\xa4\xae\xf0\x9f\xa4\xae\xf0\x9f\xa4\xae\xf0\x9f\xa4\xae\xf0\x9f\xa4\xae\xf0\x9f\xa4\xae\xf0\x9f\xa4\xae\xf0\x9f\xa4\xae\xf0\x9f\xa4\xae #nastyplane Let\xe2\x80\x99s Don\xe2\x80\x99t Go Ya\xe2\x80\x99ll!!!!!\xe2\x84\xa2\xf0\x9f\x98\xb3\xf0\x9f\x98\xb3\xf0\x9f\x91\x8e\xf0\x9f\x91\x8e https://t.co/QxQjPgUdgB'
2018-11-30 13:46:30,b'#unitedairlines I am about to make a million miles on my United flight next week.  Looking back at all of the desti\xe2\x80\xa6 https://t.co/2PMQcQWQsE'
2018-11-30 13:46:21,"b'United Airlines, Newark to Roma and back ... great plane, friendly and professional staff, comfortable seats.  But\xe2\x80\xa6 https://t.co/1JlNCZAiBA'"
2018-11-30 13:16:34,b'RT @action_set: Our #Planespotting at #BuffaloNiagaraInternationalAirport 11-4-2018 is now up enjoy! #boeing757 #unitedairlines #southwest\xe2\x80\xa6'
2018-11-30 13:10:40,b'Our #Planespotting at #BuffaloNiagaraInternationalAirport 11-4-2018 is now up enjoy! #boeing757 #unitedairlines\xe2\x80\xa6 https://t.co/voa2VR8GKM'
2018-11-30 13:00:57,b'$649* &amp; up -- Flights to Singapore Aboard United Airlines (Roundtrip) https://t.co/nBQqTiKVg9 #sin #las\xe2\x80\xa6 https://t.co/ZraOwpf5DT'
2018-11-30 11:48:30,b'How elitist is #UnitedAirlines #UnitedClub for not allowing me to bring food into their club?'
2018-11-30 11:17:11,"b'A $1,400 uptake in price for a computer glitch-- This increase in price is downright devastating for freelance cons\xe2\x80\xa6 https://t.co/w8OcWEehyf'"
2018-11-30 10:51:26,b'#Book Your #Flight #Tickets #Domestic/#International\nhttps://t.co/KauLTCrL7S\n#BookFlightTicketsNumber\xe2\x80\xa6 https://t.co/jB0eQHkS2t'
2018-11-30 10:30:36,b'#Cheers to #Mimosas and #Mileage runs.  Keeping my #1K #Status with #UnitedAirlines another year because nothing be\xe2\x80\xa6 https://t.co/9xBW7Nr2gF'
2018-11-30 08:47:48,b'RT @microphonephoen: Confession: I\xe2\x80\x99m that weirdo at the  airport in full on yoga poses before I board the plane.  Lol @LFAfighting @AXSTVFi\xe2\x80\xa6'
2018-11-30 07:44:18,b'@united Do check this https://t.co/h7H9yMU6QV #Grievance #Airlines #unitedAIRLINES'
2018-11-30 07:24:07,b'Our team hitting the road for Santa Clara. Good luck in the championship. #GoUtes. #utahmanami #UnitedAirlines\xe2\x80\xa6 https://t.co/wjjf7tq3Tv'
2018-11-30 06:47:26,b'@MarkTamayoKTVU @KTVU I found the source of all the rainbows! A #UnitedAirlines aircraft likely outfitted with a be\xe2\x80\xa6 https://t.co/uIDRpCm9k8'
2018-11-30 06:37:27,b'RT @cassidysvacay: A first look at @united soon to be second 787-10 (N17002) test flight in #Charleston SC. #united #unitedairlines #avgeek\xe2\x80\xa6'
2018-11-30 06:35:23,b'RT @cassidysvacay: A first look at @united soon to be second 787-10 (N17002) test flight in #Charleston SC. #united #unitedairlines #avgeek\xe2\x80\xa6'
2018-11-30 06:16:35,b'RT @cassidysvacay: A first look at @united soon to be second 787-10 (N17002) test flight in #Charleston SC. #united #unitedairlines #avgeek\xe2\x80\xa6'
2018-11-30 04:44:27,b'#UnitedAirlines CEO Oscar Munoz gave up his first class seat for a frail-looking elderly woman. #travel #PaxEx https://t.co/u5DaHVOpOM'
2018-11-30 03:54:32,b'#tbt I want to go back! #losangeles #unitedairlines #specialolympics #missingthebeach https://t.co/lrssBjW3lR'
2018-11-30 03:39:33,b'RT @cassidysvacay: A first look at @united soon to be second 787-10 (N17002) test flight in #Charleston SC. #united #unitedairlines #avgeek\xe2\x80\xa6'
2018-11-30 03:31:31,"b'RT @MandolinChick: Authentic United Air Lines DC-8 manuals,two big volumes,up for bid! (Makes a great gift for the airline collector! https\xe2\x80\xa6'"
2018-11-30 03:23:13,"b'Authentic United Air Lines DC-8 manuals,two big volumes,up for bid! (Makes a great gift for the airline collector!\xe2\x80\xa6 https://t.co/CWby2ez5qm'"
2018-11-30 03:14:32,b'This is the 6th trip booked to #IRAN 3 on @emirates no problem 1 @AirFranceFR no problem 1 @UkraineAirlines no prob\xe2\x80\xa6 https://t.co/gteHaYtEeD'
2018-11-30 03:04:35,b'RT @SpecOlympicsCO: It\xe2\x80\x99s #ThrowbackThursday! Here\xe2\x80\x99s a throwback to our Plane Pull event earlier this year where our Partner @united got the\xe2\x80\xa6'
2018-11-30 02:59:20,b'RT @cassidysvacay: A first look at @united soon to be second 787-10 (N17002) test flight in #Charleston SC. #united #unitedairlines #avgeek\xe2\x80\xa6'
2018-11-30 02:25:08,"b""@united That's exactly the difference between #unitedAIRLINES and other airlines, your flight might get delayed and\xe2\x80\xa6 https://t.co/GMwhm3ZFNd"""
2018-11-30 02:14:19,"b'@united You are trying to call it ""weather impacted"" but it wasn\'t. Even the text from united didn\'t think so. Two\xe2\x80\xa6 https://t.co/5N3Cfmowma'"
2018-11-30 02:10:24,b'Pretty spectacular return to #sanfrancisco yesterday\xf0\x9f\x98\xbb @united #unitedairlines #passionpassport\xe2\x80\xa6 https://t.co/fBouL0Xn2R'
2018-11-30 02:02:28,b'My flight with #unitedAIRLINES was deayed four times and cancelled two times getting to the destination 26 hours la\xe2\x80\xa6 https://t.co/QzhUgAHkwz'
2018-11-30 01:58:18,b'Sitting on #UnitedAirlines trying to get to the gate.'
2018-11-30 01:58:05,b'Much love for my hometown! #acn #nextgen #unitedairlines #chasindreams #houston #htown #airport https://t.co/RsgUPmc2PE'
2018-11-30 01:52:32,b'Waiting to board from HOU-&gt;LAX \xf0\x9f\xa4\x99\xf0\x9f\x8f\xbd #unitedairlines https://t.co/7yMbxz2AeB'
2018-11-30 01:51:18,b'@united The plane was not pushed from the gate and it was waiting at the gate. It seems this practice is unique to\xe2\x80\xa6 https://t.co/3bBfU1Y6H9'
2018-11-30 01:46:00,"b""All I'm saying is if I have a choice in what I fly, I'm picking #SouthwestAirlines. All they do is make fun of you\xe2\x80\xa6 https://t.co/hyLKJljCja"""
2018-11-30 01:00:50,b'$700* &amp; up -- Flights to Buenos Aires Aboard United Airlines (Roundtrip) https://t.co/KAfBKHPxBs #eze #ewr\xe2\x80\xa6 https://t.co/KnT85c41kZ'
2018-11-29 23:58:57,b'#unitedAIRLINES #united suck on way to Newark and just got told we ran out of fuel and are in Richmond Virginia.'
2018-11-29 23:58:23,b'#unitedAIRLINES  does not update their departure time to keep their delay record low. Spent 90 minutes at the gate\xe2\x80\xa6 https://t.co/3IZWoUwoX9'
2018-11-29 23:52:18,b'@lufthansa why partner with #unitedAIRLINES the most useless carrier in the world? Now i miss my LH connection again this week'
2018-11-29 23:08:52,b'RT @cassidysvacay: A first look at @united soon to be second 787-10 (N17002) test flight in #Charleston SC. #united #unitedairlines #avgeek\xe2\x80\xa6'
2018-11-29 22:50:36,"b""Thanks, @tsablogteam ... Couldn't you have been more careful, clearly it's a present. SMH #unitedairlines https://t.co/fPzHodkAId"""
2018-11-29 21:56:10,"b'@united My flight was pushed back 3 times! Once from sfo to Denver. Once Denver to Washington Dulles. Then, again f\xe2\x80\xa6 https://t.co/wTgvxMgIAq'"
2018-11-29 21:55:23,"b'The capitals of beer, Germany and Colorado, now closer than ever!  #den #fra #colorado #germany #unitedairlines\xe2\x80\xa6 https://t.co/x4i9w9JzN1'"
2018-11-29 20:01:09,b'$649* &amp; up -- Flights to Singapore Aboard United Airlines (Roundtrip) https://t.co/nBQqTiKVg9 #sin #sfo\xe2\x80\xa6 https://t.co/2luqFaQ66H'
2018-11-29 19:50:39,"b'If you have a kiddo who loves airplanes, Amazon currently has this United Airlines 777 Airplane Toy for only $5.52\xe2\x80\xa6 https://t.co/xhuDZf7lpJ'"
2018-11-29 18:33:42,b'It\xe2\x80\x99s #ThrowbackThursday! Here\xe2\x80\x99s a throwback to our Plane Pull event earlier this year where our Partner @united got\xe2\x80\xa6 https://t.co/No5Fa0PKFI'
2018-11-29 17:14:49,b'Hey @united 40 minutes and counting for bags in Kansas City? What gives? #unitedAIRLINES #MCI'
2018-11-29 17:01:17,b'$631* &amp; up -- United Airlines Flights to Tahiti into Winter (Roundtrip) https://t.co/r1Ob1vFLqk #ppt #sfo\xe2\x80\xa6 https://t.co/pARENfrYai'
2018-11-29 16:42:28,"b'@united my wife flew to Guatemala City for her grandma funeral. She now has no luggage, no medication, and no cloth\xe2\x80\xa6 https://t.co/s8XKd0Jg9o'"
2018-11-29 16:31:42,b'Promoting women in Transportation @ LA Auto Show with Constance Hunter #KPMGAuto Vicki Poponi #Honda Seleta Reynold\xe2\x80\xa6 https://t.co/k8snLrqVrQ'
2018-11-29 16:25:02,b'RT @cassidysvacay: A first look at @united soon to be second 787-10 (N17002) test flight in #Charleston SC. #united #unitedairlines #avgeek\xe2\x80\xa6'
2018-11-29 15:52:27,b'#unitedAIRLINES how do you expect a 2 year old to sit alone on a flight without his parents? #seatingfail'
2018-11-29 15:01:06,b'$594* &amp; up -- United Airlines Flights to Sydney (Roundtrip) https://t.co/TvBZaAxMNl #syd #lax #unitedairlines https://t.co/INCy8LBE4g'
2018-11-29 14:46:40,b'RT @spottingfoodie: Planes need hot showers too! De-icing UAL500 in the frigid #midwest winter for the trip to the milder #california clima\xe2\x80\xa6'
2018-11-29 14:46:15,b'Planes need hot showers too! De-icing UAL500 in the frigid #midwest winter for the trip to the milder #california c\xe2\x80\xa6 https://t.co/tK7aWIk8nH'
2018-11-29 13:01:12,b'$447* &amp; up -- United Airlines Flights to Hong Kong (Roundtrip) https://t.co/znOeA3T60Z #hkg #sfo #unitedairlines https://t.co/OROtz4Zx1l'
2018-11-29 12:51:17,b'Good morning United!!\xf0\x9f\x8c\x9d. My little mamma and I are on flight 6333 headed to KC MO. Let\xe2\x80\x99s do this. I\xe2\x80\x99m off to see my mini me!!#UnitedAirlines.'
2018-11-29 12:15:24,b'#Mama_LaLa_Miami\xe2\x80\x99s 2019 BestTravel Partners: #marriottrewards #ihgrewardsclub #Delta #unitedAIRLINES It doesn\xe2\x80\x99t get\xe2\x80\xa6 https://t.co/EUrMAbHNgS'
2018-11-29 11:37:19,"b""A mistake @united is costing me 1,400...I am a loyal customer, a single mom and consultant...it's a devastating los\xe2\x80\xa6 https://t.co/TUig307kOi"""
2018-11-29 09:58:22,b'RT @cassidysvacay: A first look at @united soon to be second 787-10 (N17002) test flight in #Charleston SC. #united #unitedairlines #avgeek\xe2\x80\xa6'
2018-11-29 09:52:03,b'Ready for takeoff! #AMS - #IAH \xe2\x9c\x88\xef\xb8\x8f on the #UnitedAirlines #Polaris! #jetset https://t.co/RpEKlL8fPs'
2018-11-29 09:38:09,b'RT @cassidysvacay: A first look at @united soon to be second 787-10 (N17002) test flight in #Charleston SC. #united #unitedairlines #avgeek\xe2\x80\xa6'
2018-11-29 08:58:20,b'Cute image of the day #BritishAirways #Boeing747 #Taxingtorunway #UnitedAirlines #Boeing777 #Landing\xe2\x80\xa6 https://t.co/ZbpGpM7CLm'
2018-11-29 08:56:31,b'RT @cassidysvacay: A first look at @united soon to be second 787-10 (N17002) test flight in #Charleston SC. #united #unitedairlines #avgeek\xe2\x80\xa6'
2018-11-29 08:41:19,"b""l'm looking for work in #Dubai #ArabiaSaudita #AbuDhabi #unitedAIRLINES #Emirates"""
2018-11-29 08:39:23,b'One of the reasons I love taking a flight...those views \xf0\x9f\x98\x8d #flying #upintheair #views #40000feet\xe2\x80\xa6 https://t.co/ZaCpf6y4H6'
2018-11-29 08:01:08,b'RT @cassidysvacay: Screenshot of United Airlines 787-10 N7002 test flight. HQ shot will get uploaded later today. #avgeek #unitedairlines #\xe2\x80\xa6'
2018-11-29 07:35:51,b'RT @cassidysvacay: A first look at @united soon to be second 787-10 (N17002) test flight in #Charleston SC. #united #unitedairlines #avgeek\xe2\x80\xa6'
2018-11-29 07:25:43,b'Snapped a cool pic tonight.. #ORD #fly2ohare #unitedairlines https://t.co/fGQOvrKKzl'
2018-11-29 07:20:54,"b""Goodbye rainy California! Thank you #unitedairlines  I'm off to Disney World for a few days. Don't ask why I didn't\xe2\x80\xa6 https://t.co/Hl12fogjoU"""
2018-11-29 07:03:46,b'RT @cassidysvacay: A first look at @united soon to be second 787-10 (N17002) test flight in #Charleston SC. #united #unitedairlines #avgeek\xe2\x80\xa6'
2018-11-29 06:40:34,b'RT @cassidysvacay: A first look at @united soon to be second 787-10 (N17002) test flight in #Charleston SC. #united #unitedairlines #avgeek\xe2\x80\xa6'
2018-11-29 06:29:23,b'RT @cassidysvacay: A first look at @united soon to be second 787-10 (N17002) test flight in #Charleston SC. #united #unitedairlines #avgeek\xe2\x80\xa6'
2018-11-29 06:24:40,b'RT @cassidysvacay: A first look at @united soon to be second 787-10 (N17002) test flight in #Charleston SC. #united #unitedairlines #avgeek\xe2\x80\xa6'
2018-11-29 06:14:13,b'RT @cassidysvacay: A first look at @united soon to be second 787-10 (N17002) test flight in #Charleston SC. #united #unitedairlines #avgeek\xe2\x80\xa6'
2018-11-29 05:28:20,b'RT @cassidysvacay: A first look at @united soon to be second 787-10 (N17002) test flight in #Charleston SC. #united #unitedairlines #avgeek\xe2\x80\xa6'
2018-11-29 04:58:26,b'@united Thanks but no food on 16+ hr itinerary was not a good way to start and end our 25-year anniversary vacation\xe2\x80\xa6 https://t.co/B73JihSCTv'
2018-11-29 04:51:56,"b'I was VERBALLY ABUSED by a @united gate agent before a recent #unitedairlines flight and who helped me, but an off\xe2\x80\xa6 https://t.co/dyReLR7axx'"
2018-11-29 03:39:47,"b'At the Staying Alive Foundation event. United\xe2\x80\x99s contributions will help encourage HIV prevention, promote safer lif\xe2\x80\xa6 https://t.co/Y5rynszyqX'"
2018-11-29 02:28:24,b'RT @JaspreetUnited: An IFE relaxation video that I will never get tired of \xf0\x9f\x90\xb1\xf0\x9f\x92\xa4\xe2\x9d\xa4\xef\xb8\x8f #beingunited #unitedairlines https://t.co/C661mEgUXk'
2018-11-29 02:27:50,b'An IFE relaxation video that I will never get tired of \xf0\x9f\x90\xb1\xf0\x9f\x92\xa4\xe2\x9d\xa4\xef\xb8\x8f #beingunited #unitedairlines https://t.co/C661mEgUXk'
2018-11-29 01:28:22,b'More old radios at Terminal 3 of San Francisco International Airport\xe2\x80\xa6 for milessteuding  #sanfrancisco\xe2\x80\xa6 https://t.co/AOp8B2u37V'
2018-11-29 00:34:01,b'RT @cassidysvacay: A first look at @united soon to be second 787-10 (N17002) test flight in #Charleston SC. #united #unitedairlines #avgeek\xe2\x80\xa6'
2018-11-29 00:32:43,b'RT @cassidysvacay: A first look at @united soon to be second 787-10 (N17002) test flight in #Charleston SC. #united #unitedairlines #avgeek\xe2\x80\xa6'
2018-11-29 00:31:24,b'RT @cassidysvacay: A first look at @united soon to be second 787-10 (N17002) test flight in #Charleston SC. #united #unitedairlines #avgeek\xe2\x80\xa6'
2018-11-29 00:28:50,b'RT @cassidysvacay: A first look at @united soon to be second 787-10 (N17002) test flight in #Charleston SC. #united #unitedairlines #avgeek\xe2\x80\xa6'
2018-11-29 00:28:13,b'A first look at @united soon to be second 787-10 (N17002) test flight in #Charleston SC. #united #unitedairlines\xe2\x80\xa6 https://t.co/6pTiPY1GmD'
2018-11-28 23:46:09,b'OMG I\xe2\x80\x99ve lost all my patience. Sitting on @united airlines flight 815 in Tampa trying to get to Denver for 2 hours.\xe2\x80\xa6 https://t.co/r1pBJ1yaMZ'
2018-11-28 23:28:27,"b""RT @FlyHumboldt: Thank you!  The new #LAX flight is a big success!  Don't wait too long to book your holiday travel. Flights are filling qu\xe2\x80\xa6"""
2018-11-28 23:24:27,b'Hungry because special meal #unitedAIRLINES from Munich to Houston wasn\xe2\x80\x99t there :-('
2018-11-28 23:04:09,b'@united just got off UA#160.  Great flight except special meal request messed up! Long flight with no food.  Messed\xe2\x80\xa6 https://t.co/xvYJpy1HZG'
2018-11-28 22:49:18,b'If you have plan to book #CheapFlights and want to know how to book cheap Airline #flights Call #UnitedAirlines pho\xe2\x80\xa6 https://t.co/cG0tL4ebPH'
2018-11-28 22:17:41,b'RT @cassidysvacay: Screenshot of United Airlines 787-10 N7002 test flight. HQ shot will get uploaded later today. #avgeek #unitedairlines #\xe2\x80\xa6'
2018-11-28 22:02:26,b'Hi-Five #WingWednesday \n-\n-\n#boeing #United #SFO #boeing747 #unitedAIRLINES #b744 https://t.co/gj8gtUz4k2'
2018-11-28 21:57:19,b'So  #gold on #BA and just hit 1K status on #unitedairlines. I  would be excited except I know what it took to get h\xe2\x80\xa6 https://t.co/FIlDGGHaey'
2018-11-28 21:15:00,b'RT @cassidysvacay: Screenshot of United Airlines 787-10 N7002 test flight. HQ shot will get uploaded later today. #avgeek #unitedairlines #\xe2\x80\xa6'
2018-11-28 19:55:36,b'#unitedairlines Help! I left my cell phone at EWR gate 109! Who do I call? How can I get it shipped to me?'
2018-11-28 19:48:13,b'RT @cassidysvacay: Screenshot of United Airlines 787-10 N7002 test flight. HQ shot will get uploaded later today. #avgeek #unitedairlines #\xe2\x80\xa6'
2018-11-28 19:48:05,b'RT @cassidysvacay: Screenshot of United Airlines 787-10 N7002 test flight. HQ shot will get uploaded later today. #avgeek #unitedairlines #\xe2\x80\xa6'
2018-11-28 19:46:34,b'RT @cassidysvacay: Screenshot of United Airlines 787-10 N7002 test flight. HQ shot will get uploaded later today. #avgeek #unitedairlines #\xe2\x80\xa6'
2018-11-28 19:40:16,b'RT @cassidysvacay: Screenshot of United Airlines 787-10 N7002 test flight. HQ shot will get uploaded later today. #avgeek #unitedairlines #\xe2\x80\xa6'
2018-11-28 19:37:40,b'RT @cassidysvacay: Screenshot of United Airlines 787-10 N7002 test flight. HQ shot will get uploaded later today. #avgeek #unitedairlines #\xe2\x80\xa6'
2018-11-28 19:34:22,b'Screenshot of United Airlines 787-10 N7002 test flight. HQ shot will get uploaded later today. #avgeek\xe2\x80\xa6 https://t.co/UfjLDAPbxI'
2018-11-28 17:40:52,"b""It's 1030 AM.  Denver, Colorado (44\xc2\xb0 F) is much warmer than Florida (33\xc2\xb0 F) when I left this morning. The 3 hrs fli\xe2\x80\xa6 https://t.co/QeE0ocPUKK"""
2018-11-28 17:37:14,"b""RT @SolomoneSavelio: It's 7:30 AM. Just made it to the #unitedairlines gate. It's freezing. Slept 3 hrs. Got up at 4 AM. Drove 1:30 hrs her\xe2\x80\xa6"""
2018-11-28 17:04:36,"b'RT @MermelsteinLeah: I am being charged 1,400 dollars for changing my ticket because of a computer mistake by @united.  I am trying to get\xe2\x80\xa6'"
2018-11-28 17:01:23,b'$765* &amp; up -- United Airlines Flights to Tahiti into Winter (Roundtrip) https://t.co/f5VpEN13wq #ppt #ewr\xe2\x80\xa6 https://t.co/CXX00d6vvX'
2018-11-28 16:56:09,b'Wouldn\xe2\x80\x99t be United if they had no delay #unitedairlines #orftoewr #ua4421'
2018-11-28 16:39:41,"b'I am being charged 1,400 dollars for changing my ticket because of a computer mistake by @united.  I am trying to g\xe2\x80\xa6 https://t.co/AOHHHodlVp'"
2018-11-28 16:33:21,b'Our lovely CPM Kiosks provide a fully Enhanced Sorting Point service for United US flights in their check-in area a\xe2\x80\xa6 https://t.co/G5TXnoKAGc'
2018-11-28 12:39:04,"b""RT @SolomoneSavelio: It's 7:30 AM. Just made it to the #unitedairlines gate. It's freezing. Slept 3 hrs. Got up at 4 AM. Drove 1:30 hrs her\xe2\x80\xa6"""
2018-11-28 12:38:07,"b""It's 7:30 AM. Just made it to the #unitedairlines gate. It's freezing. Slept 3 hrs. Got up at 4 AM. Drove 1:30 hrs\xe2\x80\xa6 https://t.co/EelUWAynRK"""
2018-11-28 12:02:54,b'Literally had a problem checking in (with only getting one boarding pass) then them measuring my backpack for a car\xe2\x80\xa6 https://t.co/JFZoQQqiqy'
2018-11-28 11:49:16,b'#Delta #Airlines #Phone #Number +1-833-222-2937 for Customer Assistance\nhttps://t.co/Vr3ANwoAbP\n#DeltaAirlines\xe2\x80\xa6 https://t.co/QMDgXjoSYG'
2018-11-28 11:48:30,b'#UnitedAirlines boarded us on the wrong flight \xf0\x9f\x98\x91 coooommmmmmeeeeeooon man'
2018-11-28 11:39:04,b'Flight got delayed cause crew showed up 35 min after departure time. Changed my nonstop flight with one stop flight\xe2\x80\xa6 https://t.co/iLm9cJmfB1'
2018-11-28 11:18:03,"b'#FlightNews : United Airlines have announced new routes from Paine Field, Everett, Washington which will be startin\xe2\x80\xa6 https://t.co/2gD4BI7rE2'"
2018-11-28 10:38:48,b'#unitedairlines #unitedairlinesreservations #unitedairlinesdeals #unitedairlinesofficialsite #unitedairlinesflights\xe2\x80\xa6 https://t.co/Yazh03e0c7'
2018-11-28 08:04:40,b'#unitedairlinesreservations #unitedairlines #unitedairlinesflights #unitedairlinesofficialsite\nYou can do the booki\xe2\x80\xa6 https://t.co/V8bfvVyeAp'
2018-11-28 07:27:47,b'#unitedAIRLINES : Everett Paine Field #flights will begin March 31.\nhttps://t.co/sJh9mWRCjQ https://t.co/Tro7usXBdW'
2018-11-28 07:18:46,b'#havenicetuesday #openday#goodmorning #relaxing #unitedairlines #memyself #musclestrong #muscleaddicted #underwear\xe2\x80\xa6 https://t.co/jB7WZ6Gqmt'
2018-11-28 05:59:37,b'#Island hopping over some tantalizing views with #unitedairlines \xf0\x9f\x9b\xab\xe2\x9c\x88\xef\xb8\x8f https://t.co/4ihsAc0em7 https://t.co/I3f6bABGC3'
2018-11-28 03:44:08,b'We are already over 2 hours late for departure and now have been taxing at ORD for an hour without any explaination\xe2\x80\xa6 https://t.co/uAZkApgFFh'
2018-11-28 01:49:39,b'\xe2\x80\x9cOh~ there ain\xe2\x80\x99t no rest for the wicked.\xe2\x80\x9d Taking off for a business trip to #LasVegas. \xf0\x9f\x98\x86 I\xe2\x80\x99m gonna need extra coffe\xe2\x80\xa6 https://t.co/CPoS2Q5Nmw'
2018-11-28 01:01:00,b'$765* &amp; up -- United Airlines Flights to Tahiti into Winter (Roundtrip) https://t.co/f5VpEN13wq #ppt #san\xe2\x80\xa6 https://t.co/bpg0ONKhZI'
2018-11-28 00:11:55,b'RT @Wcash108: @united two pots of gold on a United Jet. Thank you for the great service. #unitedairlines https://t.co/QuyRnq7XIJ'
2018-11-27 23:32:52,"b'RT @HChan03: My photo of the day. My flight to Los Angeles, California. #FLIGHT #MY #LosAngeles #California @united #UnitedAirlines https:/\xe2\x80\xa6'"
2018-11-27 23:32:43,"b'My photo of the day. My flight to Los Angeles, California. #FLIGHT #MY #LosAngeles #California @united\xe2\x80\xa6 https://t.co/Sylaskhbr2'"
2018-11-27 23:27:29,b'Learn a thing or two about how incredible human flight is on the Glide Podcast. Link in our bio! #WhyIFly\n\xe2\x80\xa2\n\xe2\x80\xa2\n\xe2\x80\xa2\n\xe2\x80\xa2\n\xe2\x80\xa2\xe2\x80\xa6 https://t.co/D1cESLSaMc'
2018-11-27 23:25:01,b'I feel so disrespected by United airlines employees who treated me with so much indifference both at the Phoenix an\xe2\x80\xa6 https://t.co/K8Bs8jhAAm'
2018-11-27 23:20:36,b'Good Morning\n\n#unitedairlines #GeminiJets #\xe8\x81\xaf\xe5\x90\x88\xe8\x88\xaa\xe7\xa9\xba #united #geminijetsmodels #ColorAviation #ColorAround #united\xe2\x80\xa6 https://t.co/wJ2Q1b8sFi'
2018-11-27 22:21:32,b'#NotTheBestPicture but it was an #AwesomeSurprise that #MyKids popped up as part of #UnitedAirlines\xe2\x80\xa6 https://t.co/GTqL7AK2UL'
2018-11-27 21:14:46,"b'Now my rebooked flight is delayed because you are ""looking for another flight crew""... yet you literally just cance\xe2\x80\xa6 https://t.co/OQzwsCUQrj'"
2018-11-27 21:07:16,"b'Dear @united airlines, you have some pretty decent customer service representatives. Unfortunately, I know this bec\xe2\x80\xa6 https://t.co/qLZZyd86ia'"
2018-11-27 20:44:38,"b""#unitedairlines needs to up their charging game at LAS. It's 2018, there are no charging stations around the seats\xe2\x80\xa6 https://t.co/jAMUJtoPa5"""
2018-11-27 20:13:44,b'Ahh. My lawnmower with Jet Engines. Off again and happy to be back on United Metal.  #unitedairlines #aviation\xe2\x80\xa6 https://t.co/Y5Gk3qI9c5'
2018-11-27 17:26:04,b'OC bound. #unitedairlines #united #flythefriendlyskies #freedomtower #oneworldtrade @ Newark Liberty International\xe2\x80\xa6 https://t.co/ePcCVIhsHW'
2018-11-27 17:01:02,"b""Another flight to the Bay....I'm starting to feel sick again #unitedAIRLINES #flying #sick #gingercandy #gingerale\xe2\x80\xa6 https://t.co/zhU0vObwJE"""
2018-11-27 15:18:21,"b'@united it will be warmer in Chicago today than it was enroute on flight 977 this morning. Passengers in coats, glo\xe2\x80\xa6 https://t.co/alXBVCd484'"
2018-11-27 14:55:58,b'@Inc Or #UnitedAirlines selling cheap tickets on 3rd party sites w/tiny print saying no-carry on and then charging\xe2\x80\xa6 https://t.co/fhq21QWacR'
2018-11-27 14:55:44,b'@united I was in the hospital and had to cancel a flight. All I need is a confirmation email that I did not get a r\xe2\x80\xa6 https://t.co/164YiJaYSH'
2018-11-27 14:24:58,b'\xe2\x99\xa5 Fisher House!  #UnitedAirlines  #UnitedCharityMiles  #GivingTuesday https://t.co/8oRnUzUdIH'
2018-11-27 14:08:09,"b'I\xe2\x80\x99ve never waited so long to leave an airport, had to Deboard and then reboard and then sit in the terminal.... 2 h\xe2\x80\xa6 https://t.co/7Y97eREh5n'"
2018-11-27 12:58:44,b'Stay away from #UnitedAirlines and especially their basic economy.\nNo likey.  No ability to get refund or credit. L2L95W confirmation #'
2018-11-27 11:22:55,b'@Kristel_CLE @united Probably because you are a VIP!I\xe2\x80\x99ll never fly #unitedairlines again. Lost my #suitcase for 6 d\xe2\x80\xa6 https://t.co/iWjkkvApGN'
2018-11-27 11:03:24,"b""#Unitedairlines's best compensation to a 3 day delay is a 50$ voucher. And as expected, no reply to emails. This sh\xe2\x80\xa6 https://t.co/4bgybAa9yO"""
2018-11-27 10:23:13,b'Making the most of a 3 hour delay!! #unitedairlines #nyc #euregulation261 #sowho cares!! @ Edinburgh Airport https://t.co/a5K4MNZxBZ'
2018-11-27 10:07:11,"b'#UnitedAirlines - Thanks again, @UnitedAirlines --your crews did an AWESOME job taking care of our Dulles to Tampa\xe2\x80\xa6 https://t.co/XagTRECeyM'"
2018-11-27 09:38:23,b'@united UA257 10hr delay? But not cancelled? Ridiculous way to cost passengers time and money but not airline. Hote\xe2\x80\xa6 https://t.co/BetYgJOLui'
2018-11-27 09:02:07,"b""Please !! Don't book your flight with #UnitedAirlines you'll regret it. Been sitting @ the Airport for 15 hrs do to\xe2\x80\xa6 https://t.co/EOxOXGrA52"""
2018-11-27 05:53:37,b'#havenicetuesday #openday#goodmorning #relaxing #unitedairlines #memyself #musclestrong #muscleaddicted #underwear\xe2\x80\xa6 https://t.co/O82o4OJOo5'
2018-11-27 04:49:08,"b'Hey #UnitedAirlines, its not my fault that you changed my seat.  How \xe2\x80\x98bout you provide me with the service I paid f\xe2\x80\xa6 https://t.co/mtImWMMZFn'"
2018-11-27 04:49:07,b'#UnitedAirlines - sinks to a new low.  I paid for an Economy Plus seat and got a seat assigned.  Now they have reas\xe2\x80\xa6 https://t.co/Nhxx614YMP'
2018-11-27 04:20:47,b'There was just an incident near my gate- a woman lost her shit over another gate change and started screaming and c\xe2\x80\xa6 https://t.co/I65FU93Y3Z'
2018-11-27 03:08:10,b'To the lady that helped me today thank you ! #unitedAIRLINES'
2018-11-27 03:07:28,b'#unitedairlines you will always have a customer ! You have hired some good people'
2018-11-27 03:05:42,b'Had a great customer service experience today with #unitedairlines'
2018-11-27 02:09:19,"b""@united is damaged baggage a theme for y'all this holiday season? Can't seem to fly two flights without a baggage e\xe2\x80\xa6 https://t.co/Ymz4BhDEPq"""
2018-11-27 01:38:45,b'#unitedairlines still suck'
2018-11-27 01:10:42,b'Why does United Airlines post inconsistent information on their app than what is announced at the gate. #unitedairlines'
2018-11-27 00:50:49,b'Building a hanger to park our #unitedairlines airplane. https://t.co/lN6MLHZSSq'
2018-11-27 00:36:22,b'RT @DrChrisR: #UnitedAirlines- Loving my Polaris sear from Tokyo to Dulles! https://t.co/9HX9WI9uyQ'
2018-11-27 00:36:16,b'United Award Cyber Monday Sale to Europe https://t.co/NLyAtPfF7J via @YouTube\n#travelrewards #cybermondaysale\xe2\x80\xa6 https://t.co/jhvXvqwUC1'
2018-11-27 00:33:00,b'@united love your announcement flight to Madrid 51 bathrooms don\xe2\x80\x99t work while plane is on ground #unitedAIRLINES'
2018-11-27 00:12:49,b'RT @tkal: My little girl unexpectedly got to sit on the pilots chair in the cockpit of a #UnitedAirlines flight on #Thanksgiving Thankful f\xe2\x80\xa6'
2018-11-27 00:01:07,"b'#unitedAIRLINES UA2200 still stuck at gate, now people getting back on plane. What is going on?  Why are we not leaving?'"
2018-11-26 23:52:44,"b'#unitedairlines. Stuck on UA2200 at gate, letting selective people off keeping everyone else on.  What kind of third world airline is this?'"
2018-11-26 23:50:43,b'United Airlines 2019 NYC Half Marathon https://t.co/6GGIIA65zy Plan to stay with us! https://t.co/VxN3DiV7O8\xe2\x80\xa6 https://t.co/H5uBiKomAZ'
2018-11-26 23:33:20,"b'RT @GeminiJets: ON APPROACH! @GeminiJets 1:400-scale @united @LockheedMartin L-1011-500 N514PA, item GJUAL1689, Nov. 2018. See a list of gl\xe2\x80\xa6'"
2018-11-26 23:03:00,b'#UnitedAirlines- Loving my Polaris sear from Tokyo to Dulles! https://t.co/9HX9WI9uyQ'
2018-11-26 22:56:33,b'@united We\xe2\x80\x99ll be filming the United economy and business class cabin tomorrow and stopping in to the Polaris lounge\xe2\x80\xa6 https://t.co/GwEdUZ2SYi'
2018-11-26 22:48:50,b'The lines thru O\xe2\x80\x99Hare security are not bad. It\xe2\x80\x99s seeing all the trapped people after security walking around trying\xe2\x80\xa6 https://t.co/vQGslsI3h0'
2018-11-26 22:41:29,"b'I see a flight is leaving at 6:05, can you please assist me in getting on that flight #unitedairlines'"
2018-11-26 22:20:50,b'Been on hold for a half hour with #unitedairlines trying to fix a double charge they charged me super annoyed https://t.co/Sdfhs6BKLi'
2018-11-26 22:18:06,b'3/4 of the woman\xe2\x80\x99s recent trips on @united have been delayed. wonder why she even bothers flying with them.\xe2\x80\xa6 https://t.co/Ssz1zJqIE2'
2018-11-26 21:43:32,"b'In and out at Dulles. #dullesairport, #unitedairlines, #travelblues @ Washington Dulles International Airport https://t.co/c4rhrZHN2n'"
2018-11-26 20:52:46,b'My in-tterminal meal courtesy of #UnitedAirlines #waitingforthefriendlyskies https://t.co/JdModrLkZm'
2018-11-26 20:32:59,b'United airlines would rather have two first class seats go unused the then break policy and help lowly economy peop\xe2\x80\xa6 https://t.co/kIuQn3tTDz'
2018-11-26 20:07:11,b'It requires hundreds of people working behind the scenes to connect millions of customers safely over the busiest t\xe2\x80\xa6 https://t.co/h51azC8a3O'
2018-11-26 20:05:28,b'#UnitedAirlines your Star Alliance Gold lounge in the international terminal at #SFO is amateur. Better off just closing it.'
2018-11-26 18:52:56,b'On Saturday we flew over the ocean for our first time to this magical place called Maui \xf0\x9f\x92\x9c\xf0\x9f\x98\x8d\xf0\x9f\x9b\xab\xf0\x9f\x8c\x85\xf0\x9f\x8c\xb4\xf0\x9f\x8c\xba\xf0\x9f\x8f\x96 #UnitedAirlines\xe2\x80\xa6 https://t.co/9LwlT1mOxF'
2018-11-26 18:48:40,"b""#unitedairlines folks say you're responsive to social media....prove it. Forcing stranded Chicago-bound passengers\xe2\x80\xa6 https://t.co/nMSOnXsflC"""
2018-11-26 18:47:45,"b'Hey @United, just wanted to give you an update. I flew two wonderful @Delta flights yesterday (On the busiest trave\xe2\x80\xa6 https://t.co/y0o1XxUjFd'"
2018-11-26 17:57:00,b'How do you penalize clients for \xe2\x80\x9cbeing late\xe2\x80\x9d when the reality is that your desk agents are just being incompetent a\xe2\x80\xa6 https://t.co/6x7gDiZixf'
2018-11-26 17:54:47,b'How does #UnitedAirlines consistently keep getting away with their horrible customer service. - what just happened\xe2\x80\xa6 https://t.co/c8U72X4Fgm'
2018-11-26 17:52:09,"b""If you respect your sanity/well being PLEASE don't fly with @united just please \xf0\x9f\x99\x8f\xf0\x9f\x99\x8f\xf0\x9f\x99\x8f #unitedairlines #traveltips\xe2\x80\xa6 https://t.co/r6Pl4Za7YX"""
2018-11-26 17:39:45,b'Next stop Knoxville - IAD to TYS #UnitedAirlines Unitedairlines #Flythefriendlyskies Adorna Occhialini Carroll \xe2\x80\x94 tr\xe2\x80\xa6 https://t.co/KeQYDCyccz'
2018-11-26 17:27:30,"b'RT @GeminiJets: ON APPROACH! @GeminiJets 1:400-scale @united @LockheedMartin L-1011-500 N514PA, item GJUAL1689, Nov. 2018. See a list of gl\xe2\x80\xa6'"
2018-11-26 17:23:04,"b'ON APPROACH! @GeminiJets 1:400-scale @united @LockheedMartin L-1011-500 N514PA, item GJUAL1689, Nov. 2018. See a li\xe2\x80\xa6 https://t.co/dKxPvxZWCU'"
2018-11-26 17:17:07,b'#unitedAIRLINES  Your customer service sucks! I need to work today. Wow unbelievable. No wonder you suck!'
2018-11-26 17:15:49,b'#unitedAIRLINES did you have too much to drink with your turkey\xf0\x9f\x98\xb3'
2018-11-26 17:14:31,b'#unitedAIRLINES do you care about customer service? 30 minutes on hold now first flight is leaving soon! Seriously\xf0\x9f\x98\xa1'
2018-11-26 17:12:21,b'#unitedAIRLINES wake up your phone support or give local counter guys the authority to make changes. I can do nothi\xe2\x80\xa6 https://t.co/YuyARvURtL'
2018-11-26 17:07:20,b'#unitedAIRLINES customer service sucks. They know my flight is leaving in 20 minutes. I have been on phone waiting\xe2\x80\xa6 https://t.co/pi3BjXoJnk'
2018-11-26 16:40:43,"b'For security and to protect your own health, please take a shower before your flight. #UnitedAirlines \nNo la chingu\xe2\x80\xa6 https://t.co/y6V9v0vsUU'"
2018-11-26 15:39:51,"b'#unitedAIRLINES I need help to find a flight sooner, my morning flight was canceled and you offered me another 36 h\xe2\x80\xa6 https://t.co/n7WS0lddJl'"
2018-11-26 15:21:11,"b'#UnitedAirlines taking care of their customers (NOT). Exhorbitant prices for flights, they wont get her home for TW\xe2\x80\xa6 https://t.co/SJpbacuOTX'"
2018-11-26 15:15:51,"b'#UnitedAirlines to LAX. What a day to fly out after first season snowstorm in Chicago! (@ Gate B7 in Chicago, IL) https://t.co/GHaKKZqoWt'"
2018-11-26 15:00:40,b'$765* &amp; up -- United Airlines Flights to Tahiti into Winter (Roundtrip) https://t.co/f5VpEN13wq #ppt #sfo\xe2\x80\xa6 https://t.co/2RjXMd2HG6'
2018-11-26 14:49:04,b'Heading to Knoxville on this busy travel day. Weather has created issues for many but so far so good for me. Hoping\xe2\x80\xa6 https://t.co/VxOPD2lot0'
2018-11-26 13:48:14,b'RT @BTAspen: New Route Released - United Airlines now have a non stop flight from London Heathrow - Denver on a Boeing 787-8 Dreamliner @un\xe2\x80\xa6'
2018-11-26 13:09:23,b'Travel tip! If you travel on #unitedairlines and you have #staralliancegold and want a lounge in terminal A\xe2\x80\xa6 https://t.co/RVCcO4Volx'
2018-11-26 12:54:01,b'Too much love for this company. \n\nBest job ever! \xe2\x99\xbe \xe2\x9d\xa4\xef\xb8\x8f \xe2\x9c\x88\xef\xb8\x8f. \n\nHope I can rejoin United Airlines team!\xe2\x80\xa6 https://t.co/RGruY0iZB8'
2018-11-26 12:50:14,b'Little bit of rain here in Toronto. Now off to Calgary #aviation #toronto #calgary #aircanada #staralliance\xe2\x80\xa6 https://t.co/czTAT0EzEq'
2018-11-26 11:43:23,b'New Route Released - United Airlines now have a non stop flight from London Heathrow - Denver on a Boeing 787-8 Dre\xe2\x80\xa6 https://t.co/kzvnzxamgh'
2018-11-26 11:32:41,b'What do people think of this ? Do you think @united should retro one of their 787\xe2\x80\x99s ?? #boeing #boeing787\xe2\x80\xa6 https://t.co/IAdJ1IGGEA'
2018-11-26 10:04:19,"b'Delayed flight, cancelled connection, botched up reservation numbers, with no one at #UnitedAirlines customer servi\xe2\x80\xa6 https://t.co/7Yt3b1C456'"
2018-11-26 08:46:43,b'Great time in Positano! Now leaving Italy and flying back home into a snowstorm \xe2\x9d\x84\xef\xb8\x8f #dadwhereisyourhat\xe2\x80\xa6 https://t.co/fi1R4A3fCx'
2018-11-26 07:35:30,b'I love my \xe2\x81\xa6@united\xe2\x81\xa9 ! Love Oscar! Love my FA\xe2\x80\x99s. Love my pilots. Love my ground crew! Love my gate agents. my\xe2\x80\xa6 https://t.co/3oqgrubvNT'
2018-11-26 05:37:58,b'RT @tigerunicorn: (7/7) really am pushing my luck with undies right now. There are worse places to be stranded but apparently no plan when\xe2\x80\xa6'
2018-11-26 05:34:26,b'RT @tigerunicorn: (7/7) really am pushing my luck with undies right now. There are worse places to be stranded but apparently no plan when\xe2\x80\xa6'
2018-11-26 05:22:23,b'(7/7) really am pushing my luck with undies right now. There are worse places to be stranded but apparently no plan\xe2\x80\xa6 https://t.co/7Zu3l6is0q'
2018-11-26 05:11:50,"b'#UnitedAirlines stranded my daughter in Argentina.  On hold for 2 hours, and no way to reschedule online. They are\xe2\x80\xa6 https://t.co/Ln41EQHnXE'"
2018-11-26 04:59:15,b'HIGHLY disappointed in @united for ruining a brand new 4Moms playpen that we got as a gift this week. It was brand\xe2\x80\xa6 https://t.co/UwD6FmtINp'
2018-11-26 03:39:44,b'Flights Australia to #Cancun #Mexico from $1045 Return on #Qantas Airways and United #cheapflights #visitmexico\xe2\x80\xa6 https://t.co/errpJCvmZR'
2018-11-26 03:34:30,b'The internet is an amazing place. #unitedairlines https://t.co/Nukd5NHZ2q'
2018-11-26 03:31:51,b'#UnitedAirlines trying to change seats but have not been able to do so. Can you help? https://t.co/UkMAN6NGT5'
2018-11-26 02:59:54,"b'#UnitedAirlines i\xe2\x80\x99m so sick of their jingle ,  please change it up a little.... almost as bad as kars for kids.\xe2\x80\xa6 https://t.co/G2ioMboxrF'"
2018-11-26 02:43:44,"b'RT @moulidorai: While #UnitedAirlines is busy dragging &amp; dropping customers, @TurkishAirlines cabin crew helped a woman give birth at 42,00\xe2\x80\xa6'"
2018-11-26 02:41:52,"b'#UnitedAirlines sends both an email and text saying ""Check in!"", yet after answering the basic questions online, th\xe2\x80\xa6 https://t.co/vQx2vkb5ye'"
2018-11-26 02:10:31,b'I have never seen a more incompetent company as #UnitedAirlines   Every time it\xe2\x80\x99s something loss of cabin pressure\xe2\x80\xa6 https://t.co/llSdrrjDHV'
2018-11-26 01:53:29,"b""You've been all over and it's been all over you...... It's a beautiful day don't let it get away... #unitedairlines\xe2\x80\xa6 https://t.co/VKhthV205p"""
2018-11-26 01:41:16,b'RT @treasurotica: #Vintage #UnitedAirlines #Stewardess #FlightAttendant Black #Leather Bag  https://t.co/dFkarL7wya #United #purse #purses\xe2\x80\xa6'
2018-11-26 00:33:21,b'#unitedairlines #UA flt1001 Ewr to Mia flight been at the gate since 5:20pm and your just finding a techical issue\xe2\x80\xa6 https://t.co/c3uT7oy8eA'
2018-11-26 00:28:39,b'RT @fd8033: #americanairlines suck.  Son flew home from West Point and was delayed 4 times for maintenance issues. Had to change planes. Ju\xe2\x80\xa6'
2018-11-26 00:25:04,"b""Once again #amex shows it doesn't care at all about customers.  Let's call it #russex.  Wow, I thought\xe2\x80\xa6 https://t.co/Y86vCMvXzu"""
2018-11-26 00:21:36,"b"".@united come on guys, make us repeat customers and #help we found the alternate flights but can't make the change\xe2\x80\xa6 https://t.co/n91Fzn8xj6"""
2018-11-25 23:21:09,b'Full-service flights to New York from $926 return. All flights under $960 return! #cheapflights #pricewar\xe2\x80\xa6 https://t.co/D6hqMMB0pN'
2018-11-25 21:39:00,b'Off again. Now headed to Calgary via Chicago #boeing #unitedairlines #aviation #calgary #canada #chicago #travel https://t.co/ziC5qGPu37'
2018-11-25 21:33:51,b'@united Is there a way through my online profile or via the app to see what travel vouchers I have? Or do I need to\xe2\x80\xa6 https://t.co/E3yJypXeHK'
2018-11-25 20:40:36,"b'@united thirdly, flight 810 has been delayed twice not due to weather. All passengers were required to deplane and\xe2\x80\xa6 https://t.co/TEoQsbPfeu'"
2018-11-25 20:36:02,"b'@united secondly, if you take my bag claiming that there is no overhead bin space left please make sure that statem\xe2\x80\xa6 https://t.co/lDzebFWMQT'"
2018-11-25 20:25:34,"b'NYC &amp; USA in \xc2\xa3200s return from London, Manchester, Edinburgh &amp; Dublin. https://t.co/44YYJIcCDP\n.\n.\n.\n#sale #dublin\xe2\x80\xa6 https://t.co/0TmFdAbv6z'"
2018-11-25 20:20:57,"b'After a cancelled flight last night, I was lucky enough to sneak in an early morning flight to Chicago ahead of thi\xe2\x80\xa6 https://t.co/Qj35dJUWD2'"
2018-11-25 20:09:25,"b""Hey .@united way to cancel our 3:30pm flight out of @fly2ohare OHare Airport YESTERDAY for today's snowstorm that i\xe2\x80\xa6 https://t.co/nwjGcMUoik"""
2018-11-25 20:05:09,b'RT @TravelersOrg: Read this #SundayMusings for the #UnitedAirlines nightmare trip alone. Plus info on carmakers collecting owners data and\xe2\x80\xa6'
2018-11-25 20:00:53,b'$508* &amp; up -- United Airlines Flights to Hong Kong (Roundtrip) https://t.co/znOeA3T60Z #hkg #ord #unitedairlines https://t.co/6tfbGdx9Vi'
2018-11-25 19:52:30,b'@United $10.99 for in-flight Wi-Fi for a 50-minute flight from BOS-EWR....?!?!?  If you\xe2\x80\x99re going to charge this muc\xe2\x80\xa6 https://t.co/bw8daNl0sd'
2018-11-25 19:40:33,b'FIFTH delay from United Airlines today ... will we ever get to leave this airport? \xf0\x9f\x98\xab#fail #unitedAIRLINES'
2018-11-25 19:29:31,b'Read this #SundayMusings for the #UnitedAirlines nightmare trip alone. Plus info on carmakers collecting owners dat\xe2\x80\xa6 https://t.co/x4wdDU858z'
2018-11-25 18:49:43,b'Why is my friend getting screwed on @united? This isn\xe2\x80\x99t what I thought the \xe2\x80\x9cmile high club\xe2\x80\x9d meant! Help\xe2\x80\xa6 https://t.co/GWv0V52A2U'
2018-11-25 18:48:09,"b'#unitedAIRLINES ...how bad can you possibly get...have a plane, stewardesses and can\xe2\x80\x99t find your pilot ????   Miss Continental !!!'"
2018-11-25 18:39:06,b'RT @rajahtravel_com: Thanksgiving Day is indeed thanksgiving! #TopProducerAward #EtihadAirways #AmericanAirlines #UnitedAirlines\n\n#RajahTra\xe2\x80\xa6'
2018-11-25 18:08:16,b'7 Best Tweets about the #UnitedAirlines Scandal https://t.co/aQLuAEoAc1'
2018-11-25 18:00:17,"b'Kudos to #unitedAIRLINES, some minor issues concerning the entertainment 11/24 flight 50 from MAD to EWR. Offering\xe2\x80\xa6 https://t.co/s0e1J9ON9T'"
2018-11-25 17:56:03,b'RT @HappyKat9: Boycott United Airlines! Last year they bloody beat up a passenger &amp; now they kill a puppy!  Enough of this BS! #BoycottUnit\xe2\x80\xa6'
2018-11-25 17:53:40,b'RT @BeingFarhad: #BoycottUnitedAirlines Shame on you #unitedAIRLINES! Your airlines should be shut permanently! #worstairline @united https\xe2\x80\xa6'
2018-11-25 17:34:08,b'RT @fd8033: #americanairlines suck.  Son flew home from West Point and was delayed 4 times for maintenance issues. Had to change planes. Ju\xe2\x80\xa6'
2018-11-25 17:26:32,b'#americanairlines suck.  Son flew home from West Point and was delayed 4 times for maintenance issues. Had to chang\xe2\x80\xa6 https://t.co/RSQcsUg5PL'
2018-11-25 17:03:14,b'@united you better put your employees in check!... this is the holiday season and we are not going to be messing ar\xe2\x80\xa6 https://t.co/KsOqhGc55A'
2018-11-25 17:00:42,b'$788* &amp; up -- Flights to Buenos Aires Aboard United Airlines (Roundtrip) https://t.co/A8WZu2Zw0Y #eze #sfo\xe2\x80\xa6 https://t.co/QgHObyxMXw'
2018-11-25 16:41:57,"b""Discount airline just offered me the chance to bid on upgrades. Why don't you do this, #UnitedAirlines?"""
2018-11-25 16:29:44,"b'#Chocolate for the #UnitedAirlines #FlightCrew today.  Last #TradeShow of the year!! #Orlando, here I come.  Gettin\xe2\x80\xa6 https://t.co/iTjpNeDgSQ'"
2018-11-25 16:28:15,"b'#Chocolate for the #UnitedAirlines #FlightCrew today.  Last #TradeShow of the year!! #Orlando, here I come.  Gettin\xe2\x80\xa6 https://t.co/VUqGpLbjGz'"
2018-11-25 16:08:07,"b'#Chocolate for the #UnitedAirlines #FlightCrew today.  Last #TradeShow of the year!!  #Orlando, here I come.  Getti\xe2\x80\xa6 https://t.co/s58hSXxP94'"
2018-11-25 16:07:21,b'My little girl unexpectedly got to sit on the pilots chair in the cockpit of a #UnitedAirlines flight on\xe2\x80\xa6 https://t.co/vpesmR7Ygc'
2018-11-25 15:53:04,b'Good morning from LAX! \xe2\x9c\x88\xf0\x9f\x8c\x85\n\nMay today be better than yesterday. \xf0\x9f\x98\xa7 #LAX #LosAngelesInternationalAirport #LosAngelesCA\xe2\x80\xa6 https://t.co/6aWpGH5K20'
2018-11-25 15:47:17,"b'RT @nwoinfowarriors: #CaptainDanHanley 9/11 #Whistleblower vs #ALPA, #UnitedAirlines and the #FAA #csthetruth \xf0\x9f\x91\x89 https://t.co/p1Iodofegc\n\nDa\xe2\x80\xa6'"
2018-11-25 15:16:12,b'This is a first! My flight to SFO just landed 30 min EARLY!  Wow #UnitedAirlines'
2018-11-25 14:07:10,b'United and other airlines have the worst computer systems on earth. IT and dot com needs to be fired. It\xe2\x80\x99s ridiculo\xe2\x80\xa6 https://t.co/fagtiY6KS9'
2018-11-25 13:58:11,b'@united #filthy seat and #terrible service in #business class on #UA 415 on 11/24/18.  Great #pilots.  What is Osca\xe2\x80\xa6 https://t.co/qjmZyHyeqL'
2018-11-25 13:56:19,b'First flight was a success!! #flying #UnitedAirlines #Travel #Adventure #FamLeeAdventures https://t.co/5gDxYpsysk'
2018-11-25 13:13:25,b'Who thinks this guy is in my space? I am thing of how I am going to approach this situation. #travel #passenger\xe2\x80\xa6 https://t.co/Gf3IwUMJAc'
2018-11-25 13:00:59,b'United Airlines are giving away two return economy flights to Chicago O\xe2\x80\x99Hare and a two night stay in the Sheraton G\xe2\x80\xa6 https://t.co/VMgP9uAVT7'
2018-11-25 12:27:54,b'United Airlines | N21108 | Manchester Airport | 18/11/2018 #united #unitedairlines #n21108 #boeing #boeing757 #egcc\xe2\x80\xa6 https://t.co/n0PGUhRbwh'
2018-11-25 11:20:32,b'The best thing about an LHR-SFO flight with #unitedAIRLINES is you get to read a lot. Their planes (hence the enter\xe2\x80\xa6 https://t.co/boXoUrqykA'
2018-11-25 11:12:11,"b'RT @nwoinfowarriors: #CaptainDanHanley 9/11 #Whistleblower vs #ALPA, #UnitedAirlines and the #FAA #csthetruth \xf0\x9f\x91\x89 https://t.co/p1Iodofegc\n\nDa\xe2\x80\xa6'"
2018-11-25 11:04:47,"b'#CaptainDanHanley 9/11 #Whistleblower vs #ALPA, #UnitedAirlines and the #FAA #csthetruth \xf0\x9f\x91\x89 https://t.co/p1Iodofegc\xe2\x80\xa6 https://t.co/1VDaApnecQ'"
2018-11-25 10:47:33,b'I see Japan and Mount Fuji!\n\n#japan #unitedairlines #nofilter #photography #fuji #japanphotography #sunrise https://t.co/yJmeaDph0A'
2018-11-25 10:46:13,b'Flying over Canada/Alaska.\n\n#airplane #photography #airialphotography #canada #unitedairlines https://t.co/DKlp2uZjj2'
2018-11-25 10:19:37,"b'RT @nwoinfowarriors: #CaptainDanHanley 9/11 #Whistleblower vs #ALPA, #UnitedAirlines and the #FAA #csthetruth \xf0\x9f\x91\x89 https://t.co/p1Iodofegc\n\nDa\xe2\x80\xa6'"
2018-11-25 10:15:22,"b'RT @nwoinfowarriors: #CaptainDanHanley 9/11 #Whistleblower vs #ALPA, #UnitedAirlines and the #FAA #csthetruth \xf0\x9f\x91\x89 https://t.co/p1Iodofegc\n\nDa\xe2\x80\xa6'"
2018-11-25 10:12:04,"b'RT @nwoinfowarriors: #CaptainDanHanley 9/11 #Whistleblower vs #ALPA, #UnitedAirlines and the #FAA #csthetruth \xf0\x9f\x91\x89 https://t.co/p1Iodofegc\n\nDa\xe2\x80\xa6'"
2018-11-25 09:51:57,"b'#CaptainDanHanley 9/11 #Whistleblower vs #ALPA, #UnitedAirlines and the #FAA #csthetruth \xf0\x9f\x91\x89 https://t.co/p1Iodofegc\xe2\x80\xa6 https://t.co/jJ4YTexAgE'"
2018-11-25 07:08:13,b'RT @mileruns: UA/QF:SFO/LAX - SYD $604 upwards #unitedairlines #mileagerun #travel #mileageplus https://t.co/RIrc3ByRCH'
2018-11-25 03:00:06,b'Thanksgiving Day is indeed thanksgiving! #TopProducerAward #EtihadAirways #AmericanAirlines #UnitedAirlines\xe2\x80\xa6 https://t.co/KdJWVThWLI'
2018-11-25 02:50:42,b'My @united flight has been so delayed I could have rented a car and driven home by now. Hands down the worst airlin\xe2\x80\xa6 https://t.co/sLWhebBrBd'
2018-11-25 02:50:37,b'Good Morning\n\n#GeminiJets #geminijetsmodels #ColorAviation #ColorAround #1400Scale #400scale #StarAlliance #\xe8\x81\xaf\xe5\x90\x88\xe8\x88\xaa\xe7\xa9\xba\xe2\x80\xa6 https://t.co/3XtykeqmRj'
2018-11-25 02:40:52,b'Delay going on 4+ hours! No communication from #unitedairlines'
2018-11-25 02:38:11,b'UA/QF:SFO/LAX - SYD $604 upwards #unitedairlines #mileagerun #travel #mileageplus https://t.co/RIrc3ByRCH'
2018-11-25 02:06:17,b'Way to go #UnitedAirlines!  We will never fly you again if we can help it.  An employee stole DJ\xe2\x80\x99s belt and San Ant\xe2\x80\xa6 https://t.co/1O3Td3CNQe'
2018-11-25 00:31:58,b'RT @MMLimperis: Our family is incomplete tonight because @united wouldn\xe2\x80\x99t let Harper fly home with me. #bringharperhome #unitedairlines htt\xe2\x80\xa6'
2018-11-24 23:41:25,"b'decades, and I am hoping to continue that relationship. What can you do to help me? #UnitedAirlines #NeedHelp #CustomerService #United'"
2018-11-24 22:21:49,b'Back in @united getting back home \xf0\x9f\x8f\xa0 Happy to be in comfort &amp; space #unitedairlines #goinghome #travelers \xf0\x9f\x92\xba\xe2\x99\xa5\xef\xb8\x8f https://t.co/U7QubWAlaA'
